2025년도 청소년수련시설 종합평가 및 종합안전·위생점검 결과,,,,,,,,,,,,,,,
,,,,,,,,,,,,,,,
연번,시도,시군구,읍면동,시설명,설치주체,시설종류,종합평가,2025년 종합안전위생점검 결과등급,,,,,,,비고(평가 및 안전점검 미실시 사유)
,,,,,,,,건축,토목,기계,전기,소방,가스,위생,
1,서울,강남구,수서동,수서청소년수련관,시립,수련관,우수,A,A,A,적합,A,해당없음,해당없음,
2,서울,강남구,역삼동,역삼청소년수련관,구립,수련관,우수,A,A,A,적합,A,적합,해당없음,
3,서울,강남구,청담동,강남청소년수련관,구립,수련관,우수,B,A,A,적합,A,해당없음,해당없음,
4,서울,강동구,강일동,시립강동청소년센터,시립,수련관,우수,A,A,A,적합,A,적합,해당없음,
5,서울,강동구,천호동,천호청소년문화의집,구립,문화의집,우수,A,A,A,적합,A,해당없음,적합,
6,서울,강동구,둔촌동,둔촌청소년문화의집,구립,문화의집,우수,A,A,A,적합,A,해당없음,적합,
7,서울,강북구,수유동,시립강북청소년센터,시립,수련관,우수,A,A,A,적합,A,적합,해당없음,
8,서울,강서구,내발산동,강서청소년회관,구립,수련관,우수,B,B,B,적합,A,적합,해당없음,
9,서울,강서구,화곡동,화곡청소년센터,시립,수련관,우수,A,A,A,적합,A,적합,해당없음,
10,서울,관악구,대학동,관악청소년센터,구립,수련관,보통,B,B,B,적합,B,적합,해당없음,
11,서울,관악구,삼성동,삼성산청소년센터,민간,수련관,보통,C,A,B,적합,A,적합,해당없음,
12,서울,광진구,광장동,광진청소년센터,시립,수련관,우수,A,A,A,적합,A,적합,해당없음,
13,서울,구로구,구로동,구로청소년센터,시립,수련관,우수,A,A,A,적합,A,적합,해당없음,
14,서울,구로구,구로동,궁동청소년문화의집,구립,문화의집,우수,A,A,A,적합,A,적합,해당없음,
15,서울,구로구,천왕동,천왕동청소년문화의집,구립,문화의집,우수,A,B,A,적합,A,적합,해당없음,
16,서울,금천구,시흥동,금천청소년센터,시립,수련관,우수,A,A,A,적합,A,적합,해당없음,
17,서울,금천구,독산동,독산청소년문화의집,구립,문화의집,우수,A,A,A,적합,A,해당없음,해당없음,
18,서울,금천구,시흥동,금천청소년문화의집,구립,문화의집,우수,A,A,A,적합,A,해당없음,해당없음,
19,서울,노원구,상계동,노원청소년센터,시립,수련관,우수,A,A,A,적합,A,해당없음,적합,
20,서울,노원구,공릉동,공릉청소년문화정보센터,구립,문화의집,우수,A,A,A,적합,A,적합,해당없음,
21,서울,노원구,상계동,상계청소년문화의집,구립,문화의집,우수,A,A,A,적합,A,적합,해당없음,
22,서울,노원구,하계동,노원청소년미래진로센터,시립,특화시설,우수,A,A,A,적합,A,적합,해당없음,
23,서울,도봉구,쌍문4동,도봉구립쌍문동청소년문화의집,구립,문화의집,우수,B,B,B,적합,A,해당없음,해당없음,
24,서울,도봉구,창3동,창동청소년문화의집,구립,문화의집,우수,B,B,B,적합,A,적합,해당없음,
25,서울,도봉구,창4동,시립창동청소년센터,시립,수련관,우수,A,A,A,적합,A,해당없음,해당없음,
26,서울,도봉구,도봉동,도봉동청소년문화의집,구립,문화의집,우수,A,B,A,적합,A,해당없음,해당없음,
27,서울,동대문구,청량리동,시립동대문청소년센터,시립,수련관,우수,A,A,A,적합,A,적합,해당없음,
28,서울,동작구,사당동,사당청소년센터,구립,문화의집,우수,B,A,A,적합,A,적합,해당없음,
29,서울,동작구,상도동,동작청소년센터,구립,문화의집,우수,A,A,A,적합,A,해당없음,해당없음,
30,서울,동작구,신대방동,보라매청소년센터,시립,수련관,우수,A,A,A,적합,A,해당없음,해당없음,
31,서울,동작구,대방동,대방청소년센터,구립,문화의집,우수,A,A,A,적합,A,해당없음,해당없음,
32,서울,마포구,성산동,마포청소년센터,시립,수련관,우수,A,A,A,적합,A,적합,해당없음,
33,서울,마포구,상암동,마포청소년문화의집,구립,문화의집,우수,A,A,A,적합,A,적합,적합,
34,서울,마포구,도화동,도화청소년문화의집,구립,문화의집,우수,A,B,A,적합,A,해당없음,해당없음,
35,서울,마포구,망원동,구립망원청소년문화센터,구립,문화의집,우수,B,A,A,적합,A,적합,해당없음,
36,서울,서대문구,연희동,서대문청소년센터,시립,수련관,우수,A,A,A,적합,A,적합,해당없음,
37,서울,서대문구,홍은동,홍은청소년문화의집,구립,문화의집,우수,A,A,A,적합,A,적합,해당없음,
38,서울,서대문구,남가좌2동,가재울청소년센터,구립,문화의집,우수,A,A,A,적합,A,적합,해당없음,
39,서울,서초구,방배3동,방배유스센터,구립,수련관,우수,A,A,A,적합,A,해당없음,해당없음,
40,서울,서초구,서초3동,서초유스센터,구립,수련관,우수,A,A,A,적합,A,적합,해당없음,
41,서울,성동구,금호동3가,성동청소년문화의집,구립,문화의집,우수,B,A,A,적합,A,적합,적합,
42,서울,성동구,행당동,시립성동청소년센터,시립,수련관,우수,A,A,A,적합,A,적합,해당없음,
43,서울,성북구,장위동,성북청소년센터,시립,수련관,우수,A,A,A,적합,A,적합,해당없음,
44,서울,성북구,정릉동,성북청소년문화의집,구립,문화의집,우수,B,B,A,적합,A,적합,해당없음,
45,서울,성북구,월곡동,월곡청소년센터,구립,문화의집,우수,A,B,A,적합,B,해당없음,해당없음,
46,서울,송파구,마천동,마천청소년센터,구립,수련관,우수,B,B,B,적합,A,해당없음,해당없음,
47,서울,송파구,문정동,송파청소년센터,구립,수련관,우수,A,A,B,적합,A,적합,해당없음,
48,서울,송파구,잠실동,잠실청소년센터,구립,문화의집,우수,A,A,A,적합,A,적합,해당없음,
49,서울,송파구,오금동,오금청소년센터,구립,특화시설,우수,B,A,A,적합,A,해당없음,해당없음,
50,서울,양천구,신월동,서울시립청소년드림센터,시립,특화시설,우수,B,A,B,적합,A,적합,해당없음,
51,서울,양천구,목1동,목동청소년센터,시립,수련관,우수,A,B,A,적합,A,해당없음,해당없음,
52,서울,양천구,신월3동,신월청소년문화센터,구립,문화의집,우수,B,B,A,적합,A,적합,해당없음,
53,서울,양천구,신정동,서울시립청소년음악센터,시립,특화시설,우수,A,A,A,적합,A,적합,해당없음,
54,서울,영등포구,문래동,문래청소년센터,시립,수련관,우수,A,A,A,적합,A,적합,해당없음,
55,서울,영등포구,신길동,영등포청소년문화의집,구립,문화의집,우수,B,B,B,적합,B,적합,해당없음,
56,서울,영등포구,영등포,청소년미래진로센터,시립,특화시설,우수,B,A,A,적합,A,적합,적합,
57,서울,영등포구,영등포,청소년성문화센터,시립,특화시설,우수,A,A,A,적합,A,적합,해당없음,
58,서울,용산구,갈월동,청소년미디어센터,시립,특화시설,우수,A,A,A,적합,A,해당없음,해당없음,
59,서울,용산구,이촌동,용산청소년센터,구립,수련관,우수,A,A,A,적합,A,적합,해당없음,
60,서울,용산구,원효로1동,용산청소년문화의집,구립,문화의집,우수,A,A,A,적합,A,적합,해당없음,
61,서울,용산구,서빙고동,온누리청소년문화의집,구립,문화의집,평가 제외,A,A,A,적합,A,적합,해당없음,종합평가 제외(1년 미만 운영)
62,서울,은평구,응암동,시립은평청소년센터,시립,수련관,우수,A,A,B,적합,A,적합,해당없음,
63,서울,은평구,역촌동,은평청소년문화의집 신나는애프터센터,구립,문화의집,우수,A,B,A,적합,A,적합,해당없음,
64,서울,은평구,갈현동,갈현청소년문화의집,구립,문화의집,우수,A,A,A,적합,A,적합,해당없음,
65,서울,중구,수표동,서울청소년센터,시립,수련관,우수,A,A,A,적합,A,적합,해당없음,
66,서울,중구,신당동,중구청소년센터,구립,수련관,우수,B,B,A,적합,A,적합,해당없음,
67,서울,중구,예장동,청소년문화교류센터,시립,특화시설,우수,A,A,A,적합,A,적합,해당없음,
68,서울,중랑구,망우동,망우청소년센터,시립,수련관,우수,A,A,A,적합,A,적합,적합,
69,서울,중랑구,면목동,중랑청소년센터 ,시립,수련관,우수,A,A,A,적합,A,적합,적합,
70,부산,금정구,부곡동,금정청소년수련관,시립,수련관,우수,B,A,A,적합,A,해당없음,해당없음,
71,부산,기장군,정관읍,기장군청소년수련관,군립,수련관,우수,B,B,B,적합,A,적합,적합,
72,부산,기장군,기장읍,기장청소년센터,군립,문화의집,우수,A,A,B,적합,A,해당없음,해당없음,
73,부산,동래구,명륜동,동래구청소년수련관,구립,수련관,우수,A,A,A,적합,A,적합,해당없음,
74,부산,부산진구,양정동,화지청소년문화회관,민간,문화의집,-,-,-,-,-,-,-,해당없음,휴지
75,부산,부산진구,양정동,부산광역시양정청소년수련관,시립,수련관,우수,A,A,A,적합,A,해당없음,해당없음,
76,부산,부산진구,부전동,부산진구 부전 청소년센터,구립,문화의집,우수,A,A,A,적합,A,적합,해당없음,
77,부산,부산진구,전포동,부산진구 전포 청소년센터,구립,문화의집,우수,A,A,A,적합,A,해당없음,해당없음,
78,부산,부산진구,가야동,부산진구 가야 청소년센터,구립,문화의집,우수,A,A,A,적합,A,적합,해당없음,
79,부산,북구,금곡동,금곡청소년수련관,시립,수련관,우수,A,B,A,적합,A,적합,적합,
80,부산,북구,만덕동,북구청소년문화의집,구립,문화의집,우수,A,B,A,적합,A,해당없음,해당없음,
81,부산,사상구,모라동,사상구청소년수련관,구립,수련관,우수,B,B,B,적합,A,해당없음,해당없음,
82,부산,사하구,다대동,사하구청소년문화의집,구립,문화의집,우수,A,A,A,적합,A,해당없음,해당없음,
83,부산,서구,서대신동,구덕청소년수련관,구립,수련관,우수,A,A,A,적합,A,적합,적합,
84,부산,서구,남부민동,서구청소년문화의집,구립,문화의집,우수,B,A,A,적합,A,해당없음,해당없음,
85,부산,수영구,광안동,수영구청소년문화의집,구립,문화의집,우수,A,A,A,적합,A,적합,해당없음,
86,부산,영도구,동삼동,함지골청소년수련관,시립,수련관,우수,A,A,B,적합,A,적합,적합,
87,부산,중구,보수동,중구청소년문화의집,구립,문화의집,우수,-,-,-,-,-,-,해당없음,안전점검 유예요청(리모델링)
88,부산,해운대구,반송동,해운대청소년문화의집,구립,문화의집,우수,B,A,A,적합,A,해당없음,해당없음,
89,부산,해운대구,재송동,해운대청소년수련관,구립,수련관,우수,B,A,B,적합,A,적합,해당없음,
90,대구,군위군,군위읍,군위청소년문화의집,군립,문화의집,우수,A,A,A,적합,A,해당없음,해당없음,
91,대구,남구,대명동,대구광역시청소년문화의집,시립,문화의집,우수,B,B,B,적합,A,해당없음,해당없음,
92,대구,남구,대명동,남구청소년창작센터,구립,특화시설,우수,A,B,A,적합,A,해당없음,해당없음,
93,대구,남구,봉덕동,대구청소년창의센터 꿈&꿈,시립,특화시설,우수,B,B,A,적합,A,해당없음,해당없음,
94,대구,달서구,상인동,달서구청소년수련관,구립,수련관,우수,A,B,A,적합,A,적합,해당없음,
95,대구,달서구,대천동,달서구청소년문화의집,구립,문화의집,우수,A,A,A,적합,A,적합,해당없음,
96,대구,달성군,논공읍,달성군청소년센터,군립,수련관,우수,B,B,A,적합,A,해당없음,해당없음,
97,대구,달성군,가창면,달성군청소년문화의집,군립,문화의집,우수,A,A,A,적합,A,해당없음,해당없음,
98,대구,동구,신암동,동구청소년문화의집,구립,문화의집,우수,A,A,A,적합,A,해당없음,해당없음,
99,대구,동구,율하동,동구청소년문화의집 아름드리,구립,문화의집,우수,A,A,A,적합,A,해당없음,해당없음,
100,대구,북구,산격동,북구청소년회관,구립,수련관,우수,A,A,B,적합,A,적합,해당없음,
101,대구,북구,읍내동,북구청소년문화의집 별하누리,구립,문화의집,우수,A,A,A,적합,A,적합,해당없음,
102,대구,서구,이현동,서구청소년수련관,구립,수련관,우수,A,A,A,적합,A,적합,해당없음,
103,대구,서구,중리동,대구광역시청소년문화의집꼼지락발전소,시립,문화의집,우수,A,A,A,적합,A,적합,해당없음,
104,대구,수성구,황금동,수성구청소년수련관,구립,수련관,우수,B,B,A,적합,A,해당없음,해당없음,
105,대구,수성구,시지동,수성구청소년문화의집,구립,문화의집,우수,A,B,A,적합,A,적합,해당없음,
106,대구,중구,봉산동,중구청소년문화의집,구립,문화의집,우수,B,B,A,적합,B,해당없음,해당없음,
107,인천,강화군,강화읍,강화군청소년수련관,군립,수련관,보통,A,B,B,적합,A,적합,해당없음,
108,인천,강화군,강화읍,강화군청소년문화의집,군립,문화의집,보통,A,A,B,적합,A,해당없음,해당없음,
109,인천,계양구,방축동,계양구청소년수련관,구립,수련관,우수,B,B,A,적합,A,적합,해당없음,
110,인천,계양구,효성동,계양청소년문화의집,구립,문화의집,우수,B,A,A,적합,A,적합,해당없음,
111,인천,남동구,장수동,인천광역시청소년수련관,시립,수련관,우수,A,A,C,적합,A,적합,해당없음,
112,인천,남동구,만수동,남동청소년문화의집,구립,문화의집,우수,A,A,C,적합,A,적합,해당없음,
113,인천,동구,송림동,동구청소년수련관,구립,수련관,우수,A,A,A,적합,A,적합,해당없음,
114,인천,미추홀구,숭의동,미추홀구청소년수련관,구립,수련관,우수,A,A,A,적합,A,해당없음,적합,
115,인천,부평구,삼산동,부평구청소년수련관,구립,수련관,우수,A,A,A,적합,A,해당없음,해당없음,
116,인천,부평구,청천동,부평구청소년꿈나래터,구립,문화의집,평가 제외,A,A,A,적합,A,해당없음,해당없음,종합평가 제외(1년 미만 운영)
117,인천,서구,원창동,서구청소년센터,구립,수련관,우수,A,A,A,적합,A,적합,해당없음,
118,인천,서구,연희동,연희청소년센터,구립,문화의집,우수,A,A,A,적합,A,적합,해당없음,
119,인천,서구,마전동,검단청소년센터,구립,문화의집,우수,A,A,A,적합,A,해당없음,해당없음,
120,인천,서구,가좌동,가좌청소년센터,구립,문화의집,우수,A,A,A,적합,A,적합,해당없음,
121,인천,연수구,동춘동,연수구청소년수련관,구립,수련관,우수,B,B,B,적합,A,해당없음,해당없음,
122,인천,연수구,청학동,연수청소년문화의집,구립,문화의집,우수,A,A,A,적합,A,적합,해당없음,
123,인천,옹진군,백령면,백령청소년문화의집,군립,문화의집,우수,B,B,A,적합,A,해당없음,해당없음,
124,인천,중구,운남동,중구청소년수련관,구립,수련관,우수,A,B,B,적합,A,적합,해당없음,
125,광주,광산구,쌍암동,광산구청소년수련관,구립,수련관,우수,B,A,A,적합,A,적합,해당없음,
126,광주,광산구,월곡동,월곡동청소년문화의집 ,구립,문화의집,우수,B,A,A,적합,A,적합,해당없음,
127,광주,광산구,장덕동,원당산청소년문화의집,시립,문화의집,우수,A,A,A,적합,A,적합,해당없음,
128,광주,광산구,송정동,송정다누리청소년문화의집,구립,문화의집,평가 제외,A,A,A,적합,A,해당없음,해당없음,종합평가 제외(1년 미만 운영)
129,광주,남구,봉선동,광주남구청소년수련관,구립,수련관,우수,A,A,A,적합,A,해당없음,해당없음,
130,광주,남구,봉선동,봉선청소년문화의집,시립,문화의집,우수,A,A,A,적합,A,적합,해당없음,
131,광주,동구,학동,동구청소년수련관,구립,수련관,우수,A,B,A,적합,A,해당없음,해당없음,
132,광주,동구,황금동,광주시청소년삶디자인센터,시립,특화시설,우수,A,A,A,적합,A,적합,해당없음,
133,광주,동구,산수동,동구청소년문화의집,구립,문화의집,우수,A,A,A,적합,A,해당없음,해당없음,
134,광주,북구,문흥동,북구청소년수련관,구립,수련관,우수,B,B,A,적합,A,해당없음,해당없음,
135,광주,북구,각화동,각화청소년문화의집,시립,문화의집,우수,A,A,A,적합,A,해당없음,해당없음,
136,광주,북구,용봉동,용봉청소년문화의집,시립,문화의집,우수,A,A,A,적합,A,해당없음,해당없음,
137,광주,북구,일곡동,일곡청소년문화의집,시립,문화의집,우수,A,A,A,적합,A,해당없음,해당없음,
138,광주,서구,금호동,서구청소년수련관,구립,수련관,우수,B,A,A,적합,A,해당없음,해당없음,
139,광주,서구,치평동,서구청소년문화의집,구립,문화의집,우수,B,B,A,적합,A,해당없음,해당없음,
140,광주,서구,쌍촌동,광천청소년문화의집,민간,문화의집,우수,B,A,A,적합,A,적합,해당없음,
141,광주,서구,쌍촌동,쌍촌청소년문화의집,구립,문화의집,우수,B,B,A,적합,A,적합,적합,
142,광주,서구,화정동,화정청소년문화의집,시립,문화의집,우수,B,B,A,적합,A,해당없음,해당없음,
143,대전,대덕구,법동,법동청소년문화센터,구립,문화의집,우수,A,A,A,적합,A,해당없음,해당없음,
144,대전,대덕구,중리동,대덕구청소년어울림센터,구립,수련관,우수,A,A,A,적합,A,적합,적합,
145,대전,동구,원동,대전청소년위캔센터,시립,수련관,우수,A,A,A,적합,A,적합,적합,
146,대전,서구,만년동,평송청소년문화센터,시립,수련관,우수,B,A,A,적합,A,적합,적합,
147,대전,서구,도마동,도화청소년문화의집,구립,문화의집,우수,A,B,A,적합,A,적합,해당없음,
148,대전,서구,가수원동,도안청소년문화의집,구립,문화의집,우수,A,A,A,적합,A,해당없음,해당없음,
149,대전,서구,갈마동,갈마청소년문화의집,구립,문화의집,보통,B,B,A,적합,A,해당없음,해당없음,
150,대전,서구,도마동,도솔청소년문화의집,구립,문화의집,우수,A,A,A,적합,A,해당없음,해당없음,
151,대전,서구,탄방동,탄방동청소년문화의집,구립,문화의집,우수,A,C,A,적합,A,해당없음,해당없음,
152,대전,유성구,죽동,유성구청소년수련관,구립,수련관,우수,B,A,A,적합,A,적합,해당없음,
153,대전,유성구,장대동,장대청소년문화의집,구립,문화의집,우수,B,C,B,적합,A,해당없음,해당없음,
154,대전,유성구,봉산동,구즉청소년문화의집,구립,문화의집,우수,B,A,A,적합,A,해당없음,해당없음,
155,대전,중구,대흥동,대흥동청소년문화의집 ,구립,문화의집,우수,C,C,B,적합,A,해당없음,적합,
156,울산,남구,삼호동,문수청소년센터,구립,문화의집,우수,A,A,A,적합,A,해당없음,해당없음,
157,울산,남구,신정동,삼산해솔청소년센터,구립,문화의집,평가 제외,A,A,A,적합,A,해당없음,해당없음,종합평가 제외(1년 미만 운영)
158,울산,남구,옥동,청소년차오름센터,구립,수련관,우수,A,A,A,적합,A,적합,해당없음,
159,울산,동구,서부동,남목청소년센터,구립,문화의집,우수,A,A,A,적합,A,해당없음,해당없음,
160,울산,동구,화정동,동구청소년센터,구립,문화의집,우수,A,A,A,적합,A,해당없음,해당없음,
161,울산,북구,연암동,울산북구청소년문화의집,구립,문화의집,우수,B,A,A,적합,A,적합,해당없음,
162,울산,북구,중산동,이화정청소년창작센터,구립,문화의집,평가 제외,A,A,A,적합,A,해당없음,해당없음,종합평가 제외(1년 미만 운영)
163,울산,울주군,삼남읍,울주서부청소년수련관,군립,수련관,우수,A,A,A,적합,A,적합,해당없음,
164,울산,울주군,범서읍,울주중부청소년수련관,군립,수련관,우수,A,A,A,적합,A,적합,해당없음,
165,울산,울주군,온양읍,울주 남부청소년수련관,군립,수련관,우수,A,A,A,적합,A,적합,해당없음,
166,울산,중구,성남동,성남청소년센터,구립,문화의집,우수,B,B,A,적합,A,해당없음,해당없음,
167,울산,중구,유곡동,중구청소년센터,구립,문화의집,우수,B,A,A,적합,A,해당없음,해당없음,
168,세종,세종시,조치원읍,북세종종합청소년센터,시립,수련관,우수,A,A,A,적합,A,해당없음,해당없음,
169,세종,세종시,조치원읍,조치원청소년센터,시립,문화의집,우수,A,B,A,적합,A,해당없음,해당없음,
170,세종,세종시,새롬동,새롬청소년센터,시립,문화의집,우수,A,B,A,적합,A,해당없음,해당없음,
171,세종,세종시,고운동,고운청소년센터,시립,문화의집,우수,A,A,A,적합,A,해당없음,해당없음,
172,세종,세종시,아름동,남세종종합청소년센터,시립,수련관,우수,A,B,A,적합,A,해당없음,해당없음,
173,경기,가평군,가평읍,가평군 가평청소년문화의집,군립,문화의집,우수,A,A,A,적합,A,해당없음,해당없음,
174,경기,가평군,설악면,가평군 설악청소년문화의집,군립,문화의집,우수,A,A,A,적합,A,해당없음,해당없음,
175,경기,가평군,조종면,가평군 조종청소년문화의집,군립,문화의집,우수,A,A,A,적합,A,해당없음,해당없음,
176,경기,가평군,청평면,이탈리아마을(구 고성리청소년수련관),민간,특화시설,미흡,B,C,A,적합,A,적합,해당없음,
177,경기,고양시,토당동,토당청소년수련관,시립,수련관,우수,A,B,A,적합,A,적합,해당없음,
178,경기,고양시,마두동,마두청소년수련관,시립,수련관,우수,A,A,A,적합,A,해당없음,해당없음,
179,경기,고양시,성사동,성사청소년문화의집,시립,문화의집,우수,A,A,A,적합,A,해당없음,해당없음,
180,경기,고양시,탄현동,탄현청소년문화의집,시립,문화의집,우수,A,A,A,적합,A,해당없음,해당없음,
181,경기,고양시,일산동,일산서구청소년수련관,시립,수련관,우수,A,A,A,적합,A,해당없음,해당없음,
182,경기,고양시,대화동,송포청소년문화의집,시립,문화의집,우수,A,A,A,적합,A,해당없음,해당없음,
183,경기,과천시,문원동,과천시청소년수련관,시립,수련관,우수,A,B,A,적합,A,적합,해당없음,
184,경기,과천시,중앙동,과천청소년문화의집,시립,문화의집,우수,A,A,A,적합,A,해당없음,해당없음,
185,경기,광명시,소하동,광명시청소년수련관,시립,수련관,우수,A,A,A,적합,A,적합,해당없음,
186,경기,광명시,광명동,오름청소년활동센터,시립,문화의집,평가 제외,A,A,A,적합,A,해당없음,해당없음,종합평가 제외(1년 미만 운영(휴지))
187,경기,광명시,광명동,해냄청소년활동센터,시립,문화의집,우수,A,A,A,적합,A,해당없음,해당없음,
188,경기,광명시,철산동,나름청소년활동센터,시립,문화의집,우수,A,A,A,적합,A,해당없음,해당없음,
189,경기,광명시,소하2동,디딤청소년활동센터,시립,문화의집,우수,A,A,A,적합,A,해당없음,해당없음,
190,경기,광명시,광명동,푸름청소년활동센터,시립,문화의집,우수,A,A,A,적합,A,해당없음,해당없음,
191,경기,광주시,광남2동,광주시 청소년수련관,시립,수련관,우수,A,A,A,적합,A,적합,해당없음,
192,경기,광주시,퇴촌면,퇴촌청소년문화의집,시립,문화의집,우수,A,A,A,적합,A,적합,해당없음,
193,경기,구리시,인창동,구리시청소년수련관,시립,수련관,우수,A,A,A,적합,A,적합,해당없음,
194,경기,구리시,토평동,구리시청소년문화의집,시립,문화의집,평가 제외,A,A,A,적합,A,해당없음,해당없음,종합평가 제외(1년 미만 운영)
195,경기,군포시,당동,당동청소년문화의집,시립,문화의집,우수,B,B,A,적합,A,해당없음,해당없음,
196,경기,군포시,산본동,광정동청소년문화의집,시립,문화의집,우수,A,A,A,적합,A,해당없음,해당없음,
197,경기,군포시,금정동,군포시청소년수련관,시립,수련관,우수,A,A,A,적합,A,해당없음,해당없음,
198,경기,김포시,걸포동,김포중봉청소년수련관,시립,수련관,우수,B,C,B,적합,A,해당없음,해당없음,
199,경기,김포시,사우동,사우청소년문화의집,시립,문화의집,우수,A,A,A,적합,A,해당없음,해당없음,
200,경기,김포시,통진읍,통진청소년문화의집,시립,문화의집,우수,A,A,A,적합,A,해당없음,해당없음,
201,경기,김포시,양촌읍,양촌청소년문화의집,시립,문화의집,우수,B,C,B,적합,A,해당없음,해당없음,
202,경기,김포시,고촌읍,고촌청소년문화의집,시립,문화의집,우수,A,A,A,적합,A,해당없음,해당없음,
203,경기,김포시,풍무동,풍무청소년문화의집,시립,문화의집,평가 제외,A,A,A,적합,A,해당없음,해당없음,종합평가 제외(1년 미만 운영)
204,경기,남양주시,이패동,남양주시청소년수련관,시립,수련관,우수,B,A,A,적합,A,적합,적합,
205,경기,남양주시,진접읍,펀그라운드진접,시립,문화의집,우수,A,A,A,적합,A,적합,해당없음,
206,경기,동두천시,불현동,동두천시청소년수련관,시립,수련관,보통,B,A,A,적합,A,적합,해당없음,
207,경기,동두천시,상패동,동두천청소년문화회관,시립,문화의집,-,-,-,-,-,-,해당없음,해당없음,폐지
208,경기,동두천시,생연동,동두천시청소년문화의집,시립,문화의집,평가 제외,A,A,A,적합,A,적합,해당없음,종합평가 제외(1년 미만 운영)
209,경기,부천시,상1동,부천시청소년센터,시립,수련관,우수,A,A,A,적합,A,해당없음,해당없음,
210,경기,부천시,춘의동,산울림청소년센터,시립,수련관,우수,A,A,B,적합,A,적합,적합,
211,경기,부천시,원미1동,부천여성청소년센터,시립,문화의집,우수,A,A,A,적합,A,적합,해당없음,
212,경기,부천시,고강본동,고리울청소년센터,시립,문화의집,우수,A,A,A,적합,A,적합,해당없음,
213,경기,부천시,송내2동,송내청소년센터,시립,문화의집,우수,A,A,A,적합,A,해당없음,해당없음,
214,경기,부천시,괴안동,소사청소년센터,시립,수련관,우수,B,A,A,적합,A,적합,해당없음,
215,경기,성남시,신흥동,(임시)수정유스센터,시립,수련관,-,-,-,-,-,-,해당없음,해당없음,휴지
216,경기,성남시,하대원동,중원청소년수련관,시립,수련관,우수,A,A,A,적합,A,적합,해당없음,
217,경기,성남시,서현동,분당서현청소년수련관,시립,수련관,우수,A,A,A,적합,A,적합,해당없음,
218,경기,성남시,정자동,분당정자청소년수련관,시립,수련관,우수,A,A,A,적합,A,적합,해당없음,
219,경기,성남시,판교동,분당판교청소년수련관,시립,수련관,우수,A,A,A,적합,A,해당없음,해당없음,
220,경기,성남시,양지동,양지동청소년문화의집,시립,문화의집,우수,A,A,A,적합,A,해당없음,해당없음,
221,경기,성남시,은행동,은행동청소년문화의집,시립,문화의집,우수,A,A,A,적합,A,해당없음,해당없음,
222,경기,성남시,양지동,금광청소년문화의집,민간,문화의집,우수,B,A,B,적합,A,해당없음,해당없음,
223,경기,성남시,분당구,분당야탑청소년수련관,시립,수련관,우수,A,A,A,적합,A,해당없음,해당없음,
224,경기,수원시,권선동,권선청소년청년센터,시립,수련관,우수,A,A,A,적합,A,해당없음,해당없음,
225,경기,수원시,영통동,영통청소년청년센터,시립,문화의집,우수,B,A,A,적합,A,해당없음,해당없음,
226,경기,수원시,이의동,광교청소년청년센터,시립,수련관,우수,B,A,A,적합,A,적합,해당없음,
227,경기,수원시,정자동,장안청소년청년센터,시립,문화의집,우수,A,A,A,적합,A,해당없음,해당없음,
228,경기,수원시,인계동,수원청소년문화센터,시립,수련관,우수,A,A,A,적합,A,적합,해당없음,
229,경기,수원시,금곡동,칠보청소년청년센터,시립,문화의집,우수,A,A,A,적합,A,적합,해당없음,
230,경기,수원시,천천동,천천청소년청년센터,시립,문화의집,우수,A,B,A,적합,A,적합,해당없음,
231,경기,시흥시,대야동,시흥시청소년수련관,시립,수련관,우수,B,A,A,적합,A,적합,해당없음,
232,경기,시흥시,정왕3동,시흥시꾸미청소년문화의집,시립,문화의집,우수,A,A,A,적합,A,해당없음,해당없음,
233,경기,시흥시,정왕1동,시흥시정왕청소년문화의집,시립,문화의집,우수,A,A,A,적합,A,해당없음,해당없음,
234,경기,시흥시,능곡동,시흥시능곡청소년문화의집,시립,문화의집,우수,A,A,A,적합,A,해당없음,해당없음,
235,경기,시흥시,목감동,시흥시 목감청소년문화의집,시립,문화의집,우수,A,A,A,적합,A,해당없음,해당없음,
236,경기,시흥시,월곶동,시흥시 월곶 청소년문화의집,시립,문화의집,우수,A,A,A,적합,A,적합,해당없음,
237,경기,시흥시,배곧1동,시흥시 배곧1 청소년문화의집,시립,문화의집,우수,A,A,A,적합,A,적합,해당없음,
238,경기,시흥시,배곧2동,시흥시배곧2청소년문화의집,시립,문화의집,우수,A,A,A,적합,A,적합,해당없음,
239,경기,시흥시,연성동,시흥시 연성 청소년문화의집,시립,문화의집,우수,A,A,A,적합,A,해당없음,해당없음,
240,경기,시흥시,은행동,시흥시 은행청소년문화의집,시립,문화의집,평가 제외,A,A,A,적합,A,적합,해당없음,종합평가 제외(1년 미만 운영)
241,경기,안산시,성포동,상록청소년수련관,시립,수련관,우수,B,B,B,적합,A,적합,해당없음,
242,경기,안산시,일동,일동청소년문화의집,시립,문화의집,우수,A,A,A,적합,A,해당없음,해당없음,
243,경기,안산시,사동,사동청소년문화의집,시립,문화의집,우수,B,A,B,적합,A,해당없음,해당없음,
244,경기,안산시,선부동,선부청소년문화의집,시립,문화의집,우수,A,A,B,적합,A,해당없음,해당없음,
245,경기,안산시,선부동,안산청소년문화의집,시립,문화의집,우수,A,B,B,적합,A,해당없음,해당없음,
246,경기,안산시,단원구,단원청소년수련관,시립,수련관,우수,A,A,A,적합,A,적합,해당없음,
247,경기,안성시,죽산면,동안성청소년문화의집,시립,문화의집,우수,A,C,A,적합,A,해당없음,해당없음,
248,경기,안성시,안성1동,안성시청소년수련관,시립,수련관,평가 제외,A,A,A,적합,A,해당없음,해당없음,종합평가 제외(1년 미만 운영)
249,경기,안양시,비산동,동안청소년수련관,시립,수련관,우수,C,B,B,적합,A,해당없음,해당없음,
250,경기,안양시,호계동,호계청소년문화의집,시립,문화의집,우수,C,B,A,적합,A,해당없음,해당없음,
251,경기,안양시,안양동,만안청소년수련관,시립,수련관,우수,B,A,A,적합,A,적합,해당없음,
252,경기,안양시,석수동,석수청소년문화의집,시립,문화의집,우수,B,B,B,적합,A,해당없음,해당없음,
253,경기,안양시,평촌동,평촌청소년문화의집,시립,문화의집,우수,B,B,A,적합,A,해당없음,해당없음,
254,경기,안양시,안양동,만안청소년문화의집,시립,문화의집,우수,C,B,A,적합,A,해당없음,해당없음,
255,경기,안양시,박달2동,박달청소년문화의집,시립,문화의집,평가 제외,A,B,A,적합,A,해당없음,해당없음,종합평가 제외(1년 미만 운영)
256,경기,안양시,관양동,관양청소년문화의집,시립,문화의집,평가 제외,A,B,A,적합,A,적합,해당없음,종합평가 제외(1년 미만 운영)
257,경기,양주시,양주2동,양주청소년문화의집,시립,문화의집,보통,A,A,A,적합,A,해당없음,해당없음,
258,경기,양주시,고암동,회천청소년문화의집,시립,문화의집,우수,A,A,A,적합,A,해당없음,해당없음,
259,경기,양평군,용문면,동부청소년문화의집,군립,문화의집,우수,A,A,A,적합,A,적합,해당없음,
260,경기,양평군,양서면,서부청소년문화의집,군립,문화의집,우수,A,A,A,적합,A,해당없음,해당없음,
261,경기,양평군,양평읍,양평청소년문화의집,군립,문화의집,평가 제외,A,A,A,적합,A,해당없음,해당없음,종합평가 제외(1년 미만 운영)
262,경기,여주시,천송동,여주청소년문화의집,시립,문화의집,우수,A,A,A,적합,A,해당없음,해당없음,
263,경기,연천군,연천읍,연천군청소년수련관,군립,수련관,우수,B,A,A,적합,A,해당없음,해당없음,
264,경기,연천군,연천읍,연천군청소년문화의집,군립,문화의집,우수,A,A,A,적합,A,적합,해당없음,
265,경기,오산시,대원동,오산남부청소년문화의집,시립,문화의집,우수,B,B,A,적합,A,해당없음,해당없음,
266,경기,오산시,신장동,꿈빛나래청소년문화의집,시립,문화의집,우수,C,A,A,적합,A,적합,해당없음,
267,경기,오산시,중앙동,오산중앙청소년문화의집,시립,문화의집,우수,B,A,A,적합,A,해당없음,해당없음,
268,경기,용인시,삼가동,용인시청소년수련관,시립,수련관,우수,A,A,A,적합,A,적합,해당없음,
269,경기,용인시,신갈동,신갈청소년문화의집,시립,문화의집,우수,A,A,A,적합,A,해당없음,해당없음,
270,경기,용인시,유림동,유림청소년문화의집,시립,문화의집,우수,A,A,A,적합,A,해당없음,해당없음,
271,경기,용인시,풍덕천동,수지청소년문화의집,시립,문화의집,우수,A,A,A,적합,A,해당없음,해당없음,
272,경기,의왕시,고천동,의왕시청소년수련관,시립,수련관,우수,B,A,A,적합,A,적합,해당없음,
273,경기,의왕시,부곡동,부곡동청소년문화의집,시립,문화의집,우수,A,A,A,적합,A,적합,해당없음,
274,경기,의왕시,포일동,포일청소년문화의집,시립,문화의집,우수,A,A,A,적합,A,적합,해당없음,
275,경기,의정부시,의정부동,의정부시청소년수련관,시립,수련관,우수,B,B,A,적합,A,적합,해당없음,
276,경기,의정부시,금오동,새말청소년센터,시립,문화의집,우수,B,A,B,적합,A,해당없음,해당없음,
277,경기,의정부시,가능동,흥선청소년센터,시립,문화의집,우수,B,B,A,적합,A,해당없음,해당없음,
278,경기,의정부시,고산동,고산청소년센터,시립,문화의집,우수,A,B,A,적합,A,해당없음,해당없음,
279,경기,이천시,부발읍,부발청소년문화의집,시립,문화의집,우수,B,B,A,적합,B,해당없음,해당없음,
280,경기,이천시,창전동,창전청소년문화의집,시립,문화의집,우수,A,A,A,적합,A,적합,해당없음,
281,경기,이천시,장호원읍,청미청소년문화의집,시립,문화의집,우수,A,A,A,적합,A,해당없음,해당없음,
282,경기,이천시,창전동,이천서희청소년문화센터,시립,수련관,우수,B,A,A,적합,A,적합,해당없음,
283,경기,파주시,동패동,교하청소년문화의집,시립,문화의집,우수,B,B,A,적합,A,해당없음,해당없음,
284,경기,파주시,금촌동,금촌청소년문화의집,시립,문화의집,우수,C,B,B,적합,A,해당없음,해당없음,
285,경기,파주시,문산읍,문산청소년문화의집,시립,문화의집,-,-,-,-,-,-,해당없음,해당없음,폐지
286,경기,파주시,와동동,운정청소년문화의집,시립,문화의집,우수,B,B,A,적합,A,해당없음,해당없음,
287,경기,파주시,문산읍,파주시청소년수련관,시립,수련관,우수,B,A,A,적합,A,해당없음,해당없음,
288,경기,평택시,팽성읍,팽성청소년문화의집,시립,문화의집,우수,B,B,A,적합,A,해당없음,해당없음,
289,경기,평택시,이충동,북부청소년문화의집,시립,문화의집,우수,A,B,A,적합,A,해당없음,해당없음,
290,경기,평택시,원평동,원평청소년문화의집,시립,문화의집,우수,B,A,B,적합,A,해당없음,해당없음,
291,경기,평택시,안중읍,안중청소년문화의집,시립,문화의집,우수,A,B,A,적합,A,해당없음,해당없음,
292,경기,평택시,서정동,서정청소년문화의집,시립,문화의집,우수,B,B,B,적합,A,해당없음,해당없음,
293,경기,평택시,합정동,평택시청소년문화센터,시립,수련관,우수,B,A,A,적합,A,적합,해당없음,
294,경기,포천시,소흘읍,포천시청소년교육문화센터,시립,수련관,평가 제외,A,A,A,적합,A,해당없음,해당없음,종합평가 제외(1년 미만 운영(휴지))
295,경기,포천시,포천동,포천청소년문화의집,시립,문화의집,우수,A,A,A,적합,A,적합,해당없음,
296,경기,하남시,덕풍동,덕풍청소년문화의집,시립,문화의집,우수,A,A,A,적합,A,해당없음,해당없음,
297,경기,하남시,풍산동,하남시청소년수련관,시립,수련관,우수,A,A,A,적합,A,해당없음,해당없음,
298,경기,하남시,감일동,감일청소년문화의집,시립,문화의집,평가 제외,A,A,A,적합,A,적합,해당없음,종합평가 제외(1년 미만 운영)
299,경기,화성시,병점동,화성시청소년수련관,시립,수련관,우수,A,A,A,적합,A,적합,해당없음,
300,경기,화성시,반송동,동탄청소년문화의집,시립,문화의집,우수,A,A,A,적합,A,적합,해당없음,
301,경기,화성시,남양읍,누림청소년문화의집,시립,문화의집,우수,A,A,A,적합,A,적합,해당없음,
302,경기,화성시,우정읍,우정청소년문화의집,시립,문화의집,우수,A,A,A,적합,A,적합,해당없음,
303,강원,강릉시,연곡면,강릉시청소년문화의집,시립,문화의집,우수,A,A,A,적합,A,해당없음,해당없음,
304,강원,강릉시,교동,강릉시청소년수련관,시립,수련관,우수,B,A,B,적합,A,해당없음,해당없음,
305,강원,강릉시,중앙동,강릉시중앙청소년문화의집,시립,문화의집,평가 제외,A,A,A,적합,A,해당없음,해당없음,종합평가 제외(1년 미만 운영)
306,강원,고성군,간성읍,고성청소년수련관,군립,수련관,미흡,B,A,A,적합,A,해당없음,해당없음,
307,강원,고성군,현내면,현내청소년문화의집,군립,문화의집,보통,A,A,A,적합,A,해당없음,해당없음,
308,강원,고성군,거진읍,거진청소년문화의집,군립,문화의집,보통,A,A,A,적합,A,해당없음,해당없음,
309,강원,고성군,토성면,토성청소년문화의집,군립,문화의집,보통,A,A,A,적합,A,해당없음,해당없음,
310,강원,동해시,발한동,향로청소년문화의집,시립,문화의집,우수,B,B,B,적합,A,해당없음,해당없음,
311,강원,동해시,부곡동,동해시청소년수련관,시립,수련관,우수,B,A,A,적합,A,적합,해당없음,
312,강원,동해시,천곡동,동해시청소년센터,시립,문화의집,우수,A,A,A,적합,A,적합,적합,
313,강원,삼척시,도계읍,도계청소년장학센터,시립,문화의집,우수,A,B,A,적합,A,해당없음,해당없음,
314,강원,삼척시,원덕읍,원덕청소년문화의집,시립,문화의집,우수,A,A,A,적합,A,해당없음,해당없음,
315,강원,삼척시,근덕면,근덕청소년문화의집,시립,문화의집,우수,A,A,A,적합,A,해당없음,해당없음,
316,강원,삼척시,성내동,삼척시청소년수련관,시립,수련관,우수,A,A,A,적합,A,해당없음,해당없음,
317,강원,속초시,청호동,속초시청소년문화의집,시립,문화의집,우수,A,B,A,적합,A,해당없음,해당없음,
318,강원,속초시,노학동,속초시청소년수련관,시립,수련관,우수,B,C,A,적합,A,해당없음,적합,
319,강원,양구군,양구읍,양구읍청소년문화의집,군립,문화의집,미흡,-,-,-,-,-,-,해당없음,유예 요청(폐지 진행중(12월 폐지))
320,강원,양구군,국토정중앙면,국토정중앙면청소년문화의집,군립,문화의집,미흡,A,A,A,적합,A,해당없음,해당없음,
321,강원,양구군,동면,동면청소년문화의집,군립,문화의집,미흡,A,A,A,적합,A,해당없음,해당없음,
322,강원,양구군,방산면,방산면청소년문화의집,군립,문화의집,미흡,A,A,A,적합,A,해당없음,해당없음,
323,강원,양구군,해안면,해안면청소년문화의집,군립,문화의집,미흡,A,A,A,적합,A,해당없음,해당없음,
324,강원,양구군,양구읍,양구군청소년수련관,군립,수련관,미흡,A,B,B,적합,A,적합,해당없음,
325,강원,양양군,양양읍,양양군청소년수련관,군립,수련관,보통,B,B,B,적합,A,해당없음,해당없음,
326,강원,영월군,주천면,영월군청소년문화의집,군립,문화의집,우수,A,A,A,적합,A,적합,해당없음,
327,강원,영월군,영월읍,영월군청소년수련관,군립,수련관,우수,A,A,A,적합,A,적합,해당없음,
328,강원,원주시,학성동,원주청소년문화의집,시립,문화의집,우수,A,A,A,적합,A,적합,해당없음,
329,강원,원주시,중앙동,중앙청소년문화의집,시립,문화의집,우수,A,A,A,적합,A,해당없음,해당없음,
330,강원,원주시,문막읍,문막청소년문화의집,시립,문화의집,우수,A,A,A,적합,A,해당없음,해당없음,
331,강원,원주시,단계동,원주시청소년수련관,시립,수련관,우수,B,A,A,적합,A,적합,해당없음,
332,강원,인제군,인제읍,인제읍청소년문화의집,군립,문화의집,미흡,B,A,B,적합,A,적합,해당없음,
333,강원,인제군,남면,남면청소년문화의집,군립,문화의집,보통,B,A,C,적합,A,해당없음,해당없음,
334,강원,인제군,북면,북면청소년문화의집,군립,문화의집,미흡,A,A,C,적합,B,해당없음,해당없음,
335,강원,인제군,기린면,기린면청소년문화의집,군립,문화의집,우수,B,A,B,적합,A,해당없음,해당없음,
336,강원,정선군,신동읍,신동청소년·아동 장학복지센터,군립,문화의집,우수,B,B,B,적합,A,적합,적합,
337,강원,정선군,사북읍,사북청소년장학센터,군립,문화의집,우수,A,A,A,적합,A,적합,적합,
338,강원,정선군,임계면,임계청소년문화의집,군립,문화의집,우수,B,B,A,적합,A,해당없음,적합,
339,강원,정선군,정선읍,정선군청소년수련관,군립,수련관,우수,A,A,A,적합,A,해당없음,적합,
340,강원,철원군,갈말읍,철원군청소년회관,군립,문화의집,보통,B,A,B,적합,A,해당없음,해당없음,
341,강원,철원군,철원읍,철원종합문화복지센터,군립,수련관,보통,B,A,B,적합,A,적합,해당없음,
342,강원,춘천시,죽림동,춘천시청소년문화의집,시립,문화의집,우수,A,A,B,적합,A,해당없음,해당없음,
343,강원,춘천시,효자동,춘천시청소년수련관,시립,수련관,우수,B,A,B,적합,A,적합,해당없음,
344,강원,태백시,상장동,상장청소년문화의집(황지청소년장학센터),시립,문화의집,우수,B,C,B,적합,A,해당없음,해당없음,
345,강원,태백시,철암동,철암청소년문화의집(철암청소년장학센터),시립,문화의집,우수,B,B,A,적합,A,해당없음,해당없음,
346,강원,태백시,소도동,태백시청소년수련관,시립,수련관,미흡,C,C,B,적합,A,부적합,적합,
347,강원,태백시,장성동,한국안전체험관,시립,특화시설,보통,A,B,A,적합,A,적합,적합,
348,강원,평창군,진부면,진부청소년문화의집,군립,문화의집,우수,B,B,A,적합,A,해당없음,해당없음,
349,강원,평창군,평창읍,평창군청소년문화의집,군립,문화의집,보통,A,B,A,적합,A,해당없음,해당없음,
350,강원,홍천군,홍천읍,홍천군청소년문화의집,군립,문화의집,우수,A,A,B,적합,A,해당없음,해당없음,
351,강원,홍천군,홍천읍,홍천군청소년수련관,군립,수련관,우수,B,A,B,적합,A,적합,적합,
352,강원,화천군,사내면,사내청소년문화의집,군립,문화의집,우수,A,B,B,적합,A,해당없음,해당없음,
353,강원,화천군,화천읍,화천청소년수련관,군립,수련관,보통,A,B,B,적합,A,해당없음,해당없음,
354,강원,횡성군,횡성읍,횡성군청소년수련관,군립,수련관,우수,A,B,A,적합,A,적합,해당없음,
355,강원,횡성군,둔내면,횡성군청소년문화의집,군립,문화의집,우수,A,A,A,적합,A,해당없음,해당없음,
356,충북,괴산군,괴산읍,괴산군청소년문화의집,군립,문화의집,우수,A,A,A,적합,A,해당없음,해당없음,
357,충북,단양군,단양읍,단양군청소년수련관,군립,수련관,보통,B,A,B,적합,A,해당없음,해당없음,
358,충북,단양군,단양읍,단양청소년문화의집,군립,문화의집,우수,B,B,B,적합,A,해당없음,해당없음,
359,충북,단양군,매포읍,매포청소년문화의집,군립,문화의집,우수,A,B,B,적합,A,해당없음,해당없음,
360,충북,보은군,보은읍,보은군청소년센터,군립,수련관,우수,B,A,A,적합,A,적합,미운영,
361,충북,영동군,영동읍,영동군청소년수련관,군립,수련관,미흡,B,B,A,적합,A,해당없음,미운영,
362,충북,영동군,황간면,황간청소년문화의집,군립,문화의집,우수,A,A,A,적합,A,해당없음,해당없음,
363,충북,옥천군,옥천읍,옥천군청소년수련관,군립,수련관,보통,A,A,A,적합,A,해당없음,해당없음,
364,충북,옥천군,이원면,이원청소년문화의집,군립,문화의집,우수,A,A,A,적합,A,해당없음,해당없음,
365,충북,옥천군,청산면,청산청소년문화의집,군립,문화의집,우수,A,A,A,적합,A,해당없음,해당없음,
366,충북,음성군,음성읍,음성청소년센터,군립,문화의집,우수,A,B,A,적합,A,해당없음,해당없음,
367,충북,음성군,금왕읍,금왕청소년문화의집,군립,문화의집,우수,-,-,-,-,-,-,해당없음,유예요청
368,충북,음성군,대소면,대소청소년센터,군립,문화의집,우수,A,A,A,적합,A,해당없음,해당없음,
369,충북,제천시,서부동,제천청소년문화의집,시립,문화의집,우수,B,A,A,적합,B,해당없음,해당없음,
370,충북,제천시,장락동,장락청소년문화의집,시립,문화의집,우수,A,A,A,적합,A,적합,해당없음,
371,충북,제천시,동현동,제천시청소년센터,시립,수련관,우수,A,A,A,적합,A,해당없음,해당없음,
372,충북,증평군,증평읍,증평청소년수련관,군립,수련관,우수,A,B,A,적합,A,해당없음,해당없음,
373,충북,증평군,증평읍,증평군청소년문화의집,군립,문화의집,우수,A,B,A,적합,A,해당없음,해당없음,
374,충북,진천군,진천읍,진천군청소년수련관,군립,수련관,우수,A,A,A,적합,A,해당없음,해당없음,
375,충북,진천군,덕산읍,덕산청소년문화의집,군립,문화의집,우수,A,A,A,적합,A,해당없음,해당없음,
376,충북,청주시,송정동,청주시청소년수련관,시립,수련관,우수,B,B,B,적합,A,적합,해당없음,
377,충북,청주시,수동,청주시상당청소년문화의집,시립,문화의집,-,-,-,-,-,-,-,해당없음,휴지
378,충북,청주시,내덕동,청주시청원청소년문화의집,시립,문화의집,우수,B,B,B,적합,A,해당없음,해당없음,
379,충북,청주시,성화동,청주시서원청소년문화의집,시립,문화의집,평가 제외,A,A,A,적합,A,적합,해당없음,종합평가 제외(1년 미만 운영)
380,충북,충주시,중앙탑면,서충주 청소년문화의집,시립,문화의집,우수,A,A,A,적합,A,적합,해당없음,
381,충북,충주시,연수동,충주시 청소년문화의집 숨&뜰,시립,문화의집,평가 제외,A,C,B,적합,A,해당없음,해당없음,종합평가 제외(1년 미만 운영)
382,충남,계룡시,신도안면,청소년별마루센터,시립,수련관,평가 제외,A,A,A,적합,A,적합,해당없음,종합평가 제외(1년 미만 운영)
383,충남,공주시,반죽동,공주시청소년문화센터,시립,문화의집,우수,A,A,A,적합,A,해당없음,해당없음,
384,충남,공주시,월송동,공주시청소년꿈창작소,시립,문화의집,우수,A,A,A,적합,A,해당없음,해당없음,
385,충남,금산군,금산읍,금산청소년미래센터,군립,문화의집,우수,A,A,A,적합,A,해당없음,해당없음,
386,충남,금산군,금산읍,금산다락원청소년수련관,군립,수련관,우수,A,A,A,적합,A,적합,해당없음,
387,충남,논산시,지산동,논산시청소년문화센터,시립,수련관,우수,B,B,A,적합,A,적합,적합,
388,충남,당진시,합덕읍,합덕청소년문화의집,시립,문화의집,우수,A,A,A,적합,A,해당없음,해당없음,
389,충남,당진시,당진읍,당진청소년문화의집,시립,문화의집,우수,A,A,A,적합,A,해당없음,해당없음,
390,충남,당진시,송악읍,송악청소년문화의집,시립,문화의집,우수,A,A,A,적합,A,해당없음,해당없음,
391,충남,보령시,대천동,보령시청소년문화의집,시립,문화의집,우수,A,A,A,적합,A,적합,해당없음,
392,충남,보령시,성주면,보령시청소년수련관,시립,수련관,보통,A,A,A,적합,A,적합,휴업,
393,충남,부여군,부여읍,부여군청소년문화의집,군립,문화의집,우수,B,A,B,적합,A,해당없음,해당없음,
394,충남,서산시,동문동,서산시청소년수련관,시립,수련관,우수,C,B,B,적합,A,적합,해당없음,
395,충남,서산시,해미면,해미청소년문화의집,시립,문화의집,우수,B,B,B,적합,A,해당없음,해당없음,
396,충남,서산시,성연면,성연청소년문화의집,시립,문화의집,평가 제외,A,A,A,적합,A,적합,해당없음,종합평가 제외(1년 미만 운영)
397,충남,서천군,서천읍,서천군청소년문화센터,군립,문화의집,우수,A,B,B,적합,A,해당없음,해당없음,
398,충남,서천군,장항읍,서천군청소년수련관,군립,수련관,우수,B,A,B,적합,A,적합,해당없음,
399,충남,아산시,권곡동,아산시청소년교육문화센터,시립,수련관,우수,A,A,B,적합,A,적합,적합,
400,충남,아산시,배방읍,아산시청소년문화의집,시립,문화의집,우수,A,A,B,적합,A,적합,해당없음,
401,충남,예산군,예산읍,예산군청소년수련관,군립,수련관,우수,A,A,A,적합,A,적합,적합,
402,충남,예산군,고덕면,예산군청소년미래센터,군립,문화의집,우수,A,A,A,적합,A,해당없음,해당없음,
403,충남,천안시,유량동,태조산청소년수련관,시립,수련관,우수,B,C,A,적합,A,해당없음,해당없음,
404,충남,천안시,문화동,천안시청소년수련관,시립,수련관,우수,A,A,A,적합,A,해당없음,해당없음,
405,충남,천안시,성정동,성정청소년문화의집,시립,문화의집,우수,A,A,A,적합,A,해당없음,해당없음,
406,충남,청양군,청양읍,청양군청소년문화의집,군립,문화의집,우수,A,A,A,적합,A,적합,해당없음,
407,충남,태안군,태안읍,태안군청소년수련관,군립,수련관,보통,A,A,B,적합,A,해당없음,해당없음,
408,충남,홍성군,광천읍,광천청소년문화의집,군립,문화의집,우수,B,B,A,적합,A,해당없음,해당없음,
409,충남,홍성군,홍성읍,홍성군청소년수련관,군립,수련관,우수,A,B,A,적합,A,적합,해당없음,
410,전북,고창군,고창읍,고창군청소년수련관,군립,수련관,보통,A,A,A,적합,A,적합,해당없음,
411,전북,고창군,성내면,성내청소년문화의집,군립,문화의집,우수,C,C,B,적합,A,해당없음,해당없음,
412,전북,고창군,흥덕면,흥덕청소년문화의집,군립,문화의집,우수,A,A,A,적합,A,해당없음,해당없음,
413,전북,군산시,송풍동,군산시청소년수련관,시립,수련관,우수,C,B,A,적합,B,적합,적합,
414,전북,군산시,조촌동,군산시청소년문화의집,시립,문화의집,우수,B,B,B,적합,A,해당없음,해당없음,
415,전북,김제시,검산동,김제시청소년종합센터,시립,수련관,미흡,B,B,A,적합,A,적합,해당없음,
416,전북,김제시,금산면,금산청소년센터,시립,문화의집,보통,B,B,B,적합,A,해당없음,해당없음,
417,전북,김제시,만경읍,만경청소년센터,시립,문화의집,미흡,-,-,-,-,-,-,해당없음,안전점검 유예요청(리모델링)
418,전북,남원시,쌍교동,남원청소년문화의집,시립,문화의집,우수,A,A,A,적합,A,해당없음,해당없음,
419,전북,남원시,동충동,남원시청소년수련관,시립,수련관,우수,A,A,A,적합,A,적합,해당없음,
420,전북,무주군,무주읍,무주청소년수련관,군립,수련관,우수,A,A,A,적합,A,해당없음,해당없음,
421,전북,무주군,안성면,안성청소년문화의집,군립,문화의집,우수,A,A,A,적합,A,해당없음,해당없음,
422,전북,부안군,부안읍,부안군청소년문화의집,군립,문화의집,보통,A,A,A,적합,A,해당없음,해당없음,
423,전북,부안군,상서면,부안군청림청소년수련시설,군립,특화시설,보통,B,B,A,적합,A,해당없음,해당없음,
424,전북,순창군,순창읍,순창군청소년수련관,군립,수련관,우수,A,A,A,적합,A,해당없음,해당없음,
425,전북,순창군,순창읍,순창청소년문화의집,군립,문화의집,우수,A,A,A,적합,A,해당없음,해당없음,
426,전북,순창군,복흥면,복흥청소년문화의집,군립,문화의집,우수,A,A,A,적합,A,해당없음,해당없음,
427,전북,완주군,봉동읍,완주군청소년문화의집,군립,문화의집,우수,A,A,B,적합,A,해당없음,해당없음,
428,전북,완주군,삼례읍,완주군청소년수련관,군립,수련관,우수,A,A,A,적합,A,적합,해당없음,
429,전북,완주군,이서면,이서청소년문화의집,군립,문화의집,우수,A,A,A,적합,A,적합,해당없음,
430,전북,익산시,모현동,익산시청소년문화의집,시립,문화의집,우수,B,A,B,적합,A,해당없음,해당없음,
431,전북,익산시,어양동,익산시청소년수련관,시립,수련관,우수,B,A,A,적합,A,해당없음,해당없음,
432,전북,임실군,임실읍,임실군청소년문화의집,군립,문화의집,우수,A,A,B,적합,A,적합,해당없음,
433,전북,장수군,장수읍,장수군청소년문화의집 ,군립,문화의집,우수,A,B,A,적합,A,해당없음,해당없음,
434,전북,전주시,송천2동,솔내청소년센터,시립 ,수련관,우수,B,C,B,적합,A,해당없음,해당없음,
435,전북,전주시,태평동,전주청소년센터,시립,문화의집,우수,B,B,B,적합,A,해당없음,해당없음,
436,전북,전주시,중화산동1동,완산청소년센터,시립,문화의집,우수,B,C,C,적합,A,해당없음,해당없음,
437,전북,전주시,효자4동,효자청소년센터,시립,문화의집,우수,B,B,C,적합,A,해당없음,해당없음,
438,전북,전주시,덕진동,덕진청소년센터,시립,문화의집,우수,B,B,B,적합,A,해당없음,해당없음,
439,전북,전주시,덕진구,인후청소년센터,시립,문화의집,보통,B,B,B,적합,A,적합,적합,
440,전북,정읍시,시기동,정읍시청소년수련관,시립,수련관,미흡,B,A,A,적합,A,해당없음,해당없음,
441,전북,정읍시,신태인읍,신태인청소년문화의집,시립,문화의집,우수,A,A,A,적합,A,해당없음,해당없음,
442,전북,정읍시,내장상동,정읍청소년문화체육관,시립,문화의집,우수,B,A,A,적합,A,해당없음,해당없음,
443,전북,진안군,진안읍,진안군청소년수련관,군립,수련관,우수,A,A,A,적합,A,해당없음,해당없음,
444,전남,강진군,강진읍,강진군청소년문화의집,군립,문화의집,우수,A,A,A,적합,A,적합,해당없음,
445,전남,강진군,강진읍,강진군청소년수련관,군립,수련관,우수,A,A,A,적합,A,해당없음,해당없음,
446,전남,고흥군,고흥읍,고흥군청소년문화의집,군립,문화의집,미흡,A,A,A,적합,A,해당없음,해당없음,
447,전남,곡성군,곡성읍,곡성청소년문화의집,군립,문화의집,우수,A,A,A,적합,A,해당없음,해당없음,
448,전남,곡성군,옥과면,옥과청소년문화의집,군립,문화의집,우수,A,A,A,적합,A,적합,해당없음,
449,전남,광양시,중동,광양시청소년문화센터,시립,수련관,우수,B,A,A,적합,A,해당없음,해당없음,
450,전남,광양시,광양읍,광양시광양청소년문화의집,시립,문화의집,우수,B,A,A,적합,A,해당없음,해당없음,
451,전남,광양시,금호동,광양시 금호청소년문화의집,시립,문화의집,우수,A,A,A,적합,A,적합,해당없음,
452,전남,구례군,구례읍,구례군청소년문화의집,군립,문화의집,보통,A,A,A,적합,A,해당없음,적합,
453,전남,나주시,죽림동,나주시청소년수련관(일송정),시립,수련관,-,-,-,-,-,-,적합,적합,유예요청(리모델링)
454,전남,담양군,담양읍,담양군청소년문화의집,군립,문화의집,우수,B,A,A,적합,A,해당없음,해당없음,
455,전남,목포시,무안동,목포시청소년문화센터,시립,문화의집,우수,A,A,A,적합,A,해당없음,해당없음,
456,전남,목포시,부흥동,목포시하당청소년문화센터,시립,문화의집,우수,A,A,A,적합,A,적합,해당없음,
457,전남,무안군,무안읍,무안군청소년수련관,군립,수련관,보통,A,A,A,적합,A,적합,미운영,
458,전남,무안군,삼향읍,남악청소년문화의집,군립,문화의집,보통,A,A,A,적합,A,적합,미운영,
459,전남,보성군,보성읍,보성군청소년문화의집,군립,문화의집,우수,A,A,A,적합,A,해당없음,해당없음,
460,전남,순천시,행동,순천청소년수련관,시립,수련관,보통,B,A,A,적합,A,적합,해당없음,
461,전남,순천시,덕연동,순천청소년문화의집,시립,문화의집,우수,B,A,A,적합,A,적합,해당없음,
462,전남,여수시,학동,여수시청소년수련관,시립,수련관,우수,B,B,A,적합,A,적합,적합,
463,전남,여수시,미평동,여수시미평청소년문화의집,시립,문화의집,우수,A,A,A,적합,A,해당없음,해당없음,
464,전남,여수시,문수동,여수시여문청소년문화의집,시립,문화의집,우수,A,A,A,적합,A,해당없음,해당없음,
465,전남,영광군,영광읍,영광군청소년문화센터,군립,문화의집,우수,A,A,A,적합,A,해당없음,해당없음,
466,전남,영암군,영암읍,영암군청소년센터,군립,수련관,우수,A,A,A,적합,A,적합,해당없음,
467,전남,영암군,삼호읍,삼호청소년문화센터,군립,문화의집,우수,A,A,A,적합,A,해당없음,해당없음,
468,전남,완도군,완도읍,완도청소년문화의집,군립,문화의집,우수,B,A,A,적합,A,해당없음,해당없음,
469,전남,완도군,노화읍,노화청소년문화의집,군립,문화의집,우수,A,B,B,적합,A,해당없음,해당없음,
470,전남,장성군,장성읍,장성군청소년수련관,군립,수련관,우수,B,A,A,적합,A,적합,해당없음,
471,전남,장흥군,장흥읍,장흥군청소년수련관,군립,수련관,우수,A,A,A,적합,A,적합,해당없음,
472,전남,장흥군,회진면,장흥군회진청소년문화의집,군립,문화의집,보통,B,A,A,적합,A,해당없음,해당없음,
473,전남,장흥군,관산읍,장흥군관산청소년문화의집,군립,문화의집,미흡,B,B,A,적합,A,해당없음,해당없음,
474,전남,장흥군,대덕읍,장흥군대덕청소년문화의집,군립,문화의집,보통,A,A,A,적합,A,해당없음,해당없음,
475,전남,함평군,함평읍,함평군 청소년문화의집,군립,문화의집,우수,A,A,A,적합,A,해당없음,해당없음,
476,전남,해남군,황산면,황산청소년문화의집,군립,문화의집,우수,A,A,A,적합,A,해당없음,해당없음,
477,전남,화순군,화순읍,화순군청소년문화의집,군립,문화의집,우수,B,A,A,적합,A,해당없음,해당없음,
478,전남,화순군,화순읍,화순군청소년수련관,군립,수련관,평가 제외,A,A,A,적합,A,적합,해당없음,종합평가 제외(1년 미만 운영)
479,경북,경산시,서상동,경산시청소년문화의집,시립,문화의집,우수,B,A,A,적합,A,해당없음,해당없음,
480,경북,경산시,진량읍,진량청소년문화의집,시립,문화의집,우수,A,B,A,적합,A,해당없음,해당없음,
481,경북,경주시,황성동,경주청소년수련관,시립,수련관,보통,B,C,B,적합,A,해당없음,해당없음,
482,경북,경주시,안강읍,안강청소년문화의집,시립,문화의집,우수,A,A,A,적합,A,적합,해당없음,
483,경북,고령군,대가야읍,고령군청소년문화의집,군립,문화의집,우수,A,A,A,적합,A,적합,해당없음,
484,경북,구미시,상모사곡동,구미시청소년문화의집,시립,문화의집,미흡,B,A,A,적합,A,해당없음,해당없음,
485,경북,구미시,선산읍,구미시선산청소년수련관,시립,수련관,우수,A,A,A,적합,A,적합,특별재난,
486,경북,구미시,산동읍,구미시강동청소년문화의집,시립,문화의집,우수,A,A,A,적합,A,해당없음,해당없음,
487,경북,김천시,삼락동,김천시청소년문화의집,시립,문화의집,보통,A,A,A,적합,A,해당없음,해당없음,
488,경북,문경시,모전동,문경청소년문화의집,시립,문화의집,보통,A,A,A,적합,A,적합,해당없음,
489,경북,문경시,불정동,문경청소년수련관,시립,수련관,매우 미흡,A,B,A,적합,A,적합,특별재난,
490,경북,봉화군,봉화읍,봉화군청소년센터,군립,수련관,보통,B,A,A,적합,A,해당없음,해당없음,
491,경북,상주시,계산동,상주청소년문화의집,시립,문화의집,매우 미흡,A,A,A,적합,A,해당없음,해당없음,
492,경북,상주시,계산동,상주시청소년수련관,시립,수련관,미흡,A,A,A,적합,A,해당없음,해당없음,
493,경북,성주군,성주읍,성주군청소년문화의집,군립,문화의집,우수,B,A,A,적합,A,해당없음,해당없음,
494,경북,안동시,옥야동,안동시청소년수련관,시립,수련관,우수,A,A,B,적합,A,적합,해당없음,
495,경북,안동시,태화동,안동청소년문화센터,민간,문화의집,우수,B,A,A,적합,A,적합,해당없음,
496,경북,영덕군,영덕읍,영덕군청소년문화의집,군립,문화의집,보통,B,A,A,적합,A,해당없음,해당없음,
497,경북,영양군,영양읍,영양군청소년수련관,군립,수련관,보통,A,A,A,적합,A,적합,해당없음,
498,경북,영주시,영주동,영주청소년문화의집,시립,문화의집,우수,A,A,A,적합,A,해당없음,해당없음,
499,경북,영천시,서부동,영천시청소년수련관,시립,수련관,보통,A,A,A,적합,A,해당없음,해당없음,
500,경북,영천시,문외동,영천시청소년문화의집,시립,문화의집,보통,A,A,A,적합,A,해당없음,해당없음,
501,경북,예천군,예천읍,예천군청소년수련관,군립,수련관,보통,B,A,B,적합,A,적합,해당없음,
502,경북,예천군,예천읍,예천군청소년문화의집,군립,문화의집,우수,A,A,A,적합,A,적합,해당없음,
503,경북,울릉군,울릉읍,울릉군청소년수련관,군립,수련관,우수,B,A,A,적합,A,적합,해당없음,
504,경북,울진군,울진읍,울진군청소년문화의집,군립,문화의집,평가 제외,A,A,A,적합,A,해당없음,해당없음,종합평가 제외(1년 미만 운영(휴지))
505,경북,울진군,울진읍,울진군청소년수련관,군립,수련관,보통,A,A,A,적합,A,적합,특별재난,
506,경북,의성군,의성읍,의성군청소년센터,군립,수련관,미흡,A,B,A,적합,A,해당없음,해당없음,
507,경북,의성군,의성읍,의성군청소년문화의집,군립,문화의집,우수,A,A,A,적합,A,적합,해당없음,
508,경북,청도군,화양읍,청도군청소년수련관,군립,수련관,미흡,A,A,A,적합,A,적합,해당없음,
509,경북,청송군,청송읍,청송군청소년수련관,군립,수련관,보통,A,B,A,적합,A,적합,특별재난,
510,경북,칠곡군,왜관읍,칠곡군청소년수련관,군립,수련관,보통,A,A,A,적합,A,적합,해당없음,
511,경북,칠곡군,석적읍,칠곡군청소년문화의집,군립,문화의집,보통,A,A,A,적합,A,해당없음,해당없음,
512,경북,포항시,중앙동,포항청소년문화의집,시립,문화의집,우수,A,A,A,적합,A,적합,해당없음,
513,경북,포항시,환호동,포항청소년수련관,시립,수련관,우수,B,A,A,적합,A,해당없음,해당없음,
514,경남,거제시,고현동,거제시청소년수련관,시립,수련관,우수,A,A,A,적합,A,해당없음,해당없음,
515,경남,거제시,고현동,고현청소년문화의집,시립,문화의집,우수,A,A,A,적합,A,해당없음,해당없음,
516,경남,거제시,옥포동,옥포청소년문화의집,시립,문화의집,우수,B,A,A,적합,A,해당없음,해당없음,
517,경남,거제시,아주동,아주청소년문화의집,시립,문화의집,우수,A,A,A,적합,A,해당없음,해당없음,
518,경남,거창군,거창읍,거창군청소년수련관,군립,수련관,우수,A,A,A,적합,A,해당없음,해당없음,
519,경남,거창군,거창읍,거창군청소년문화의집,군립,문화의집,우수,A,A,A,적합,A,해당없음,해당없음,
520,경남,고성군,회화면,고성동부청소년센터,군립,문화의집,우수,B,B,A,적합,A,해당없음,해당없음,
521,경남,고성군,고성읍,"고성군청소년센터""온""",군립,수련관,우수,B,A,A,적합,A,적합,특별재난,
522,경남,김해시,북부동,김해시청소년센터(구 김해시청소년문화의집),시립,문화의집,우수,B,B,A,적합,A,해당없음,해당없음,
523,경남,김해시,진영읍,김해시청소년수련관,시립,수련관,우수,A,B,A,적합,A,해당없음,해당없음,
524,경남,김해시,장유1동,김해시서부청소년센터,시립,문화의집,평가 제외,A,A,A,적합,A,해당없음,해당없음,종합평가 제외(1년 미만 운영)
525,경남,밀양시,내일동,밀양시청소년문화의집,시립,문화의집,우수,B,A,A,적합,A,해당없음,해당없음,
526,경남,밀양시,삼문동,밀양시청소년수련관,시립,수련관,우수,B,A,A,적합,A,해당없음,해당없음,
527,경남,사천시,사천읍,사천청소년문화의집,시립,문화의집,우수,A,A,A,적합,A,해당없음,해당없음,
528,경남,사천시,벌용동,사천시청소년수련관,시립,수련관,우수,B,B,A,적합,A,해당없음,해당없음,
529,경남,산청군,산청읍,산청군청소년수련관,군립,수련관,보통,B,A,B,적합,A,해당없음,해당없음,
530,경남,양산시,주진동,소주청소년문화의집,시립,문화의집,우수,A,A,B,적합,A,해당없음,해당없음,
531,경남,양산시,중부동,양산시청소년회관,시립,수련관,우수,A,A,B,적합,A,해당없음,해당없음,
532,경남,양산시,물금읍,물금 청소년문화의집,시립,문화의집,평가 제외,A,A,A,적합,A,해당없음,해당없음,종합평가 제외(1년 미만 운영)
533,경남,의령군,부림면,의령군청소년수련관,군립,수련관,-,-,-,-,-,-,-,특별재난,휴지
534,경남,의령군,의령읍,의령군청소년문화의집,군립,문화의집,우수,A,A,B,적합,A,적합,해당없음,
535,경남,진주시,본성동,진주시청소년수련관,시립,수련관,우수,B,B,A,적합,A,해당없음,해당없음,
536,경남,창녕군,영산면,영산청소년문화의집,군립,문화의집,우수,A,A,A,적합,A,해당없음,해당없음,
537,경남,창녕군,창녕읍,창녕군청소년수련관,군립,수련관,우수,A,A,A,적합,A,적합,해당없음,
538,경남,창녕군,남지읍,남지청소년문화의집,군립,문화의집,우수,A,A,A,적합,A,해당없음,해당없음,
539,경남,창원시,청계동,마산청소년문화의집,시립,문화의집,우수, A,A,A,적합,B,해당없음,해당없음,
540,경남,창원시,합성동,우리누리청소년문화센터,시립,수련관,우수,A,A,A,적합,A,적합,특별재난,
541,경남,창원시,성내동,진해청소년문화의집,시립,문화의집,우수,A,A,B,적합,A,해당없음,해당없음,
542,경남,창원시,풍호동,진해청소년수련관,시립,수련관,우수,A,A,C,적합,A,해당없음,해당없음,
543,경남,창원시,중평동,진해청소년전당,시립,수련관,우수,A,A,B,적합,A,해당없음,해당없음,
544,경남,창원시,봉림동,봉림청소년수련관,시립,수련관,우수,B,B,B,적합,A,적합,특별재난,
545,경남,창원시,봉곡동,봉림청소년문화의집,시립,문화의집,우수,B,B,A,적합,A,적합,해당없음,
546,경남,창원시,삼동동,늘푸른전당,시립,수련관,우수,B,A,B,적합,A,적합,특별재난,
547,경남,통영시,광도면,통영시청소년문화의집,시립,문화의집,우수,-,-,-,-,-,-,해당없음,안전점검 유예요청(화재로 인한 공사)
548,경남,하동군,진교면,진교청소년문화의집,군립,문화의집,우수,A,B,B,적합,A,해당없음,해당없음,
549,경남,하동군,하동읍,하동군청소년수련관,군립,수련관,우수,B,B,A,적합,A,해당없음,해당없음,
550,경남,함안군,가야읍,함안군청소년수련관,군립,수련관,우수,A,A,A,적합,A,해당없음,해당없음,
551,경남,함안군,칠원읍,함안군청소년문화의집,군립,문화의집,우수,A,A,A,적합,A,적합,해당없음,
552,경남,합천군,합천읍,합천군청소년문화의집,군립,문화의집,우수,A,A,A,적합,A,해당없음,특별재난,
553,제주,서귀포시,강정동,서귀포시청소년수련관,도립,수련관,보통,B,A,A,적합,A,해당없음,해당없음,
554,제주,서귀포시,대정읍,대정청소년수련관,도립,수련관,보통,B,A,A,적합,B,적합,해당없음,
555,제주,서귀포시,법환동,법환청소년문화의집,도립,문화의집,보통,B,A,B,적합,B,해당없음,해당없음,
556,제주,서귀포시,상예동,예래청소년문화의집,도립,문화의집,보통,A,A,A,적합,B,해당없음,해당없음,
557,제주,서귀포시,하효동,하효청소년문화의집,도립,문화의집,보통,B,B,A,적합,A,해당없음,해당없음,
558,제주,서귀포시,강정동,강정청소년문화의집,도립,문화의집,보통,C,A,C,적합,B,해당없음,해당없음,
559,제주,서귀포시,남원읍,남원청소년문화의집,도립,문화의집,보통,B,A,B,적합,A,해당없음,해당없음,
560,제주,서귀포시,서귀동,서귀포시청소년문화의집,도립,문화의집,우수,A,A,A,적합,B,해당없음,해당없음,
561,제주,서귀포시,동홍동,동홍청소년문화의집,도립,문화의집,보통,B,A,A,적합,A,해당없음,해당없음,
562,제주,서귀포시,서귀동,송산청소년문화의집,도립,문화의집,보통,B,A,A,적합,B,해당없음,해당없음,
563,제주,서귀포시,성산읍,신산청소년문화의집,도립,문화의집,보통,A,A,A,적합,A,해당없음,해당없음,
564,제주,서귀포시,안덕면,안덕청소년문화의집,도립,문화의집,보통,B,A,A,적합,B,해당없음,해당없음,
565,제주,서귀포시,표선면,표선청소년문화의집,도립,문화의집,우수,A,A,B,적합,A,해당없음,해당없음,
566,제주,서귀포시,중문동 ,중문청소년문화의집,도립,문화의집,보통,A,A,B,적합,B,해당없음,해당없음,
567,제주,제주시,건입동,제주시청소년수련관,도립,수련관,보통,A,B,A,적합,B,해당없음,해당없음,
568,제주,제주시,구좌읍,구좌청소년문화의집,도립,문화의집,보통,A,A,A,적합,B,해당없음,해당없음,
569,제주,제주시,도남동,도남청소년문화의집,도립,문화의집,보통,A,B,A,적합,B,해당없음,해당없음,
570,제주,제주시,도평동,도평청소년문화의집,도립,문화의집,보통,B,A,A,적합,B,해당없음,해당없음,
571,제주,제주시,아라동,아라청소년문화의집,도립,문화의집,보통,A,B,A,적합,B,해당없음,해당없음,
572,제주,제주시,용담1동,용담1청소년문화의집,도립,문화의집,보통,A,A,A,적합,B,해당없음,해당없음,
573,제주,제주시,이도1동,이도1청소년문화의집,도립,문화의집,보통,A,B,A,적합,B,해당없음,해당없음,
574,제주,제주시,추자면,추자청소년문화의집,도립,문화의집,보통,B,B,A,적합,B,해당없음,해당없음,
575,제주,제주시,화북동,화북청소년문화의집,도립,문화의집,보통,A,A,A,적합,B,해당없음,해당없음,
576,제주,제주시,한림읍,한림청소년문화의집,도립,문화의집,보통,B,A,A,적합,B,해당없음,해당없음,
577,제주,제주시,애월읍,애월청소년문화의집,도립,문화의집,보통,A,A,A,적합,C,해당없음,해당없음,
578,제주,제주시,삼도일동,삼도일동청소년문화의집,도립,문화의집,우수,B,A,A,적합,A,해당없음,해당없음,
579,제주,제주시,조천읍,조천청소년문화의집,도립,문화의집,우수,A,A,A,적합,B,해당없음,해당없음,
580,제주,제주시,노형동,노형청소년문화의집,도립,문화의집,보통,A,A,A,적합,B,적합,해당없음,
