구분,기관명,직위,직급
중앙행정기관,기획재정부,정책기획관,일반직고위공무원
중앙행정기관,교육부,정책기획관,고위공무원
중앙행정기관,과학기술정보통신부,정책기획관,고위공무원
중앙행정기관,외교부,조정기획관,고위외무공무원
중앙행정기관,통일부,기획조정실장,고위공무원
중앙행정기관,법무부,기획조정실장,검사장
중앙행정기관,국방부,군인권개선추진단장,고위공무원
중앙행정기관,행정안전부,정책기획관,고위공무원
중앙행정기관,국가보훈부,정책기획관,고위공무원
중앙행정기관,문화체육관광부,정책기획관,고위공무원
중앙행정기관,농림축산식품부,농촌정책국장,일반직고위공무원
중앙행정기관,산업통상자원부,정책기획관,고위공무원
중앙행정기관,보건복지부,정책기획관,고위공무원
중앙행정기관,환경부,정책기획관,고위공무원
중앙행정기관,고용노동부, 정책기획관,고위공무원
중앙행정기관,여성가족부,여성정책국장,고위공무원
중앙행정기관,국토교통부,기획조정실장,일반직고위공무원
중앙행정기관,해양수산부,기획조정실장,일반직고위공무원
중앙행정기관,중소벤처기업부,중소기업전략기획관,고위공무원
중앙행정기관,인사혁신처,기획조정관,일반직고위공무원
중앙행정기관,법제처,기획조정관,고위공무원
중앙행정기관,식품의약품안전처,기획조정관,고위공무원
중앙행정기관,국세청,기획조정관,고위공무원
중앙행정기관,관세청,기획조정관,고위공무원
중앙행정기관,조달청,기획조정관,고위공무원
중앙행정기관,통계청,기획조정관,고위공무원
중앙행정기관,우주항공청,기획조정관,고위공무원
중앙행정기관,재외동포청,기획조정관,고위공무원
중앙행정기관,대검찰청,인권정책관,차장검사
중앙행정기관,병무청,기획조정관,일반직고위공무원
중앙행정기관,방위사업청,기획조정관,고위공무원
중앙행정기관,경찰청,경무인사기획관,치안감
중앙행정기관,소방청,기획조정관,소방감
중앙행정기관,국가유산청,기획조정관,일반직고위공무원
중앙행정기관,농촌진흥청,기획조정관,고위공무원
중앙행정기관,산림청,기획조정관,일반직고위공무원
중앙행정기관,특허청,기획조정관,고위공무원
중앙행정기관,질병관리청,기획조정관,고위공무원
중앙행정기관,기상청,기획조정관,고위공무원
중앙행정기관,행정중심복합도시건설청,기획조정관,일반직고위공무원
중앙행정기관,새만금개발청,기획조정관,고위공무원 나급
중앙행정기관,해양경찰청,감찰팀장,경정
중앙행정기관,방송통신위원회,기획조정관,일반직 고위공무원
중앙행정기관,공정거래위원회,기획조정관,일반직고위공무원
중앙행정기관,국민권익위원회,기획조정실장,고위공무원 가급
중앙행정기관,금융위원회,기획조정관,일반직 고위공무원
중앙행정기관,개인정보보호위원회,기획조정관,고위공무원
중앙행정기관,원자력안전위원회,기획조정관,고위공무원
중앙행정기관,국무조정실,교육문화여성정책관,고위공무원
시도,서울특별시,여성가족정책실장,지방관리관
시도,부산광역시 ,여성정책국장,지방부이사관
시도,대구광역시,청년여성교육국장,지방부이사관
시도,인천광역시,여성가족국장,지방부이사관
시도,광주광역시,여성가족국장,지방부이사관
시도,대전광역시,교육정책전략국,지방부이사관
시도,울산광역시,복지보훈여성국장,지방부이사관
시도,세종특별자치시,보건복지국장,지방부이사관
시도,경기도,여성가족국장,지방부이사관
시도,강원특별자치도,복지보건국장,지방부이사관
시도,충청북도,양성평등가족정책관,지방서기관
시도,충청남도,인구전략국장,지방부이사관
시도,전북특별자치도,복지여성보건국장,지방부이사관
시도,전라남도,여성가족정책관,지방행정서기관
시도,경상북도,저출생극복본부장,지방서기관
시도,경상남도,복지여성국장,지방부이사관
시도,제주특별자치도,성평등여성정책관,지방서기관
시군구,서울특별시 종로구,복지교육국장,지방서기관
시군구,서울특별시 중구,복지환경국장,지방행정서기관
시군구,서울특별시 용산구,생활지원국장,지방서기관
시군구,서울특별시 성동구,복지국장,서기관
시군구,서울특별시 광진구,복지국장,지방서기관
시군구,서울특별시 동대문구,주민복지국장,지방서기관
시군구,서울특별시 중랑구,생활복지국장,지방서기관
시군구,서울특별시 성북구,복지교육국장,지방서기관
시군구,서울특별시 강북구,복지국장,지방서기관
시군구,서울특별시 도봉구,복지가족국장,지방서기관
시군구,서울특별시 노원구,주민복지국장,지방서기관
시군구,서울특별시 은평구,교육문화국장,지방서기관
시군구,서울특별시 서대문구,행복복지국,지방서기관
시군구,서울특별시 마포구,복지동행국장,지방서기관
시군구,서울특별시 양천구,주민복지국장,지방서기관
시군구,서울특별시 강서구,복지가족국장,지방서기관
시군구,서울특별시 구로구,복지지원국장,지방서기관
시군구,서울특별시 금천구,복지가족국장,지방서기관
시군구,서울특별시 영등포구,복지국장,지방서기관
시군구,서울특별시 동작구,미래교육국장,지방서기관
시군구,서울특별시 관악구,복지가족국장,지방서기관
시군구,서울특별시 서초구,주민생활국장,지방서기관
시군구,서울특별시 강남구,복지생활국장,지방서기관
시군구,서울특별시 송파구,주민복지국장,지방행정서기관
시군구,서울특별시 강동구,복지가족국장,지방서기관
시군구,부산광역시 중구,주민복지국장,지방서기관
시군구,부산광역시 서구,주민복지국장,지방서기관
시군구,부산광역시 동구,경제복지국장,지방서기관
시군구,부산광역시 영도구,주민복지국장,지방서기관
시군구,부산광역시 부산진구,주민복지국장,지방서기관
시군구,부산광역시 동래구,복지가족국장,지방서기관
시군구,부산광역시 남구,복지교육국장,지방서기관
시군구,부산광역시 북구,복지국장,지방서기관
시군구,부산광역시 해운대구,생활복지국장,지방서기관
시군구,부산광역시 사하구,주민복지국장,지방서기관
시군구,부산광역시 금정구,복지교육국장,지방서기관
시군구,부산광역시 강서구,복지교육국장,지방서기관
시군구,부산광역시 연제구,복지교육국장,지방서기관
시군구,부산광역시 수영구,복지환경국장,지방서기관
시군구,부산광역시 사상구,주민복지국장,지방서기관
시군구,부산광역시 기장군,복지교육국장,지방서기관
시군구,대구광역시 중구,주민복지국장,지방서기관
시군구,대구광역시 동구,복지생활국장,지방서기관
시군구,대구광역시 서구,복지생활국장,지방서기관
시군구,대구광역시 남구,인구정책국장,지방서기관
시군구,대구광역시 북구,복지환경국장,지방서기관
시군구,대구광역시 수성구,문화교육국장,지방서기관
시군구,대구광역시 달서구,복지증진국장,지방서기관
시군구,대구광역시 달성군,주민복지국장,지방서기관
시군구,대구광역시 군위군,주민복지실장,지방서기관
시군구,인천광역시 강화군,문화복지국장,지방서기관
시군구,인천광역시 옹진군,관광복지국장,고위공무원(지방서기관)
시군구,인천광역시 중구,영종행정국장,지방서기관
시군구,인천광역시 동구,복지국장,지방서기관
시군구,인천광역시 미추홀구,복지환경국장,지방서기관
시군구,인천광역시 연수구,주민복지국장,지방서기관
시군구,인천광역시 남동구,안전교육국,지방서기관
시군구,인천광역시 부평구,문화복지국장,지방서기관
시군구,인천광역시 계양구,주민복지국장,지방서기관
시군구,인천광역시 서구,복지국장,지방서기관
시군구,광주광역시 동구,주민복지국장,지방서기관
시군구,광주광역시 서구,복지일자리국장,지방서기관
시군구,광주광역시 남구,인구가족담당관,지방행정사무관
시군구,광주광역시 북구,가족복지국장,지방행정서기관
시군구,광주광역시 광산구,상생복지국장,지방서기관
시군구,대전광역시 동구,미래세대국장,지방서기관
시군구,대전광역시 중구,주민복지국장,지방기술서기관
시군구,대전광역시 서구,주민복지국장,지방서기관
시군구,대전광역시 유성구,주민복지국장,지방서기관
시군구,대전광역시 대덕구,복지문화국장,지방서기관
시군구,울산광역시 중구,복지교육국장,지방서기관
시군구,울산광역시 남구,복지교육국장,지방서기관
시군구,울산광역시 동구,교육복지국장,지방서기관
시군구,울산광역시 북구,복지교육국장,지방서기관
시군구,울산광역시 울주군,복지환경국장,지방서기관
시군구,경기도 수원시,여성가족국장,지방서기관
시군구,경기도 고양시,사회복지국장,지방서기관
시군구,경기도 용인시,복지여성국장,지방서기관
시군구,경기도 성남시,복지국장,지방서기관
시군구,경기도 부천시,복지국장,지방서기관
시군구,경기도 화성시,복지국장,지방서기관
시군구,경기도 안산시,복지국장,지방서기관
시군구,경기도 남양주시,복지국장,지방서기관
시군구,경기도 안양시,복지문화국장,지방서기관
시군구,경기도 평택시,복지국장,지방서기관
시군구,경기도 시흥시,여성보육과장,지방행정사무관
시군구,경기도 파주시,복지정책국장,지방서기관
시군구,경기도 의정부시,복지국장,지방서기관
시군구,경기도 김포시,복지국장,지방서기관
시군구,경기도 광주시,복지문화국장,지방기술서기관
시군구,경기도 광명시,사회복지국장,지방기술서기관
시군구,경기도 군포시,복지국장,지방서기관
시군구,경기도 하남시,복지국장,지방기술서기관
시군구,경기도 오산시,복지교육국장,지방서기관
시군구,경기도 양주시 ,복지문화국장 ,지방서기관
시군구,경기도 이천시 ,복지국장,지방서기관
시군구,경기도 구리시,복지문화국장,지방서기관(일반임기제)
시군구,경기도 안성시 ,복지교육국장 ,지방서기관
시군구,경기도 포천시,문화복지국장,지방행정서기관
시군구,경기도 의왕시,복지문화국장,지방서기관
시군구,경기도 양평군,문화복지국장,지방서기관
시군구,경기도 여주시,문화복지국장,지방서기관
시군구,경기도 동두천시,복지문화국장,지방서기관
시군구,경기도 과천시,경제복지국장,지방서기관
시군구,경기도 가평군,행정복지국장,지방서기관
시군구,경기도 연천군,산업복지국,지방서기관
시군구,강원특별자치도 춘천시,복지국장,지방서기관
시군구,강원특별자치도 원주시,복지국장,지방서기관
시군구,강원특별자치도 강릉시,인구가족과장,지방행정사무관
시군구,강원특별자치도 동해시,가족과장,지방사회복지사무관
시군구,강원특별자치도 태백시,행정국장,행정서기관
시군구,강원특별자치도 속초시,시민복지국장,지방서기관
시군구,강원특별자치도 삼척시,자치행정국장,지방서기관
시군구,강원특별자치도 홍천군,행복나눔과장,지방사회복지사무관
시군구,강원특별자치도 횡성군,가족복지과장,지방사회복지사무관
시군구,강원특별자치도 영월군,여성가족과장,지방행정사무관
시군구,강원특별자치도 평창군,기획재정국장,서기관
시군구,강원특별자치도 정선군,가족행복과장,지방행정사무관
시군구,강원특별자치도 철원군,주민생활지원실장,지방행정사무관
시군구,강원특별자치도 화천군,주민복지과장,지방사회복지사무관
시군구,강원특별자치도 양구군,행정복지국장,지방서기관
시군구,강원특별자치도 인제군,행정복지국장,지방서기관
시군구,강원특별자치도 고성군,행정복지국장,지방기술서기관
시군구,강원특별자치도 양양군,육아지원센터소장,지방행정사무관
시군구,충청북도 청주시,복지국장,지방서기관
시군구,충청북도 충주시,복지국장,지방행정서기관
시군구,충청북도 제천시,문화복지국장,지방서기관
시군구,충청북도 보은군,주민행복과장,지방행정사무관
시군구,충청북도 옥천군,행정복지국장,지방행정서기관
시군구,충청북도 영동군,행정관광복지국장,지방서기관
시군구,충청북도 증평군,행정복지국장,지방서기관
시군구,충청북도 진천군,가족친화과장,지방행정사무관
시군구,충청북도 괴산군,가족행복과,지방사회복지사무관
시군구,충청북도 음성군,문화복지국장,지방서기관
시군구,충청북도 단양군,행정복지국장,지방서기관
시군구,충청남도 천안시,복지정책국장,지방서기관
시군구,충청남도 공주시,교육복지국장,지방서기관
시군구,충청남도 보령시,행정복지국장,지방서기관
시군구,충청남도 아산시,문화복지국장,지방서기관
시군구,충청남도 서산시,복지문화국장,지방서기관
시군구,충청남도 논산시,인구복지국장,지방서기관
시군구,충청남도 계룡시,가족돌봄과장,지방사회복지사무관
시군구,충청남도 당진시,문화복지국장,지방서기관
시군구,충청남도 금산군,가족정책과장,지방사회복지사무관
시군구,충청남도 부여군,가족행복과장,지방사회복지사무관
시군구,충청남도 서천군,인구정책과장,지방행정사무관
시군구,충청남도 청양군,복지정책과장,"	지방행정사무관"
시군구,충청남도 홍성군,행정복지국장,국장
시군구,충청남도 예산군,행정복지국장,지방서기관
시군구,충청남도 태안군,경제문화복지국장,지방행정서기관
시군구,전북특별자치도 전주시,복지환경국장,지방서기관
시군구,전북특별자치도 군산시,복지교육국장,지방서기관
시군구,전북특별자치도 익산시,복지교육국장,지방서기관
시군구,전북특별자치도 정읍시,복지환경국장,지방서기관
시군구,전북특별자치도 남원시,행정복지국장,지방서기관
시군구,전북특별자치도 김제시,복지환경국장,지방서기관
시군구,전북특별자치도 완주군,문화관광복지국장,지방기술서기관
시군구,전북특별자치도 진안군,가족행복과장,지방행정사무관
시군구,전북특별자치도 무주군,인구활력과장,지방행정사무관
시군구,전북특별자치도 장수군,행정복지국장,지방서기관
시군구,전북특별자치도 임실군,복지환경국장,지방환경서기관
시군구,전북특별자치도 순창군,주민복지과장,지방행정사무관
시군구,전북특별자치도 고창군,인재양성과장,지방행정사무관
시군구,전북특별자치도 부안군,관광복지국장,지방서기관
시군구,전라남도 목포시,자치행정복지국장,지방서기관
시군구,전라남도 여수시,복지교육국장,지방서기관
시군구,전라남도 순천시,시민복지국장 직무대리,지방사회복지사무관
시군구,전라남도 나주시,복지환경국장,지방서기관
시군구,전라남도 광양시,교육보육국장,지방서기관
시군구,전라남도 담양군,향촌복지과장,지방행정사무관
시군구,전라남도 곡성군,주민복지과장,지방사회복지사무관
시군구,전라남도 구례군,평생교육과장,지방시설사무관
시군구,전라남도 고흥군,여성가족과장,지방행정사무관
시군구,전라남도 보성군,가족행복과장,행정사무관
시군구,전라남도 화순군,가족정책실장,지방행정서기관
시군구,전라남도 장흥군,노인아동과장,지방행정사무관
시군구,전라남도 강진군,군민행복과장,지방보건사무관
시군구,전라남도 해남군,가족행복과장,지방행정사무관
시군구,전라남도 영암군,관광문화복지국장,지방행정서기관
시군구,전라남도 무안군,주민생활과장,지방행정사무관
시군구,전라남도 함평군,가족행복과장,지방시설사무관
시군구,전라남도 영광군,가정행복과장,지방사회복지사무관
시군구,전라남도 장성군,가족행복과장,지방행정서기관
시군구,전라남도 완도군,주민복지과장,지방사회복지사무관
시군구,전라남도 진도군,가족행복과장,지방사회복지사무관
시군구,전라남도 신안군,문화예술관광국장,지방기술서기관
시군구,경상북도 포항시,복지국장,지방서기관
시군구,경상북도 경주시,시민복지국장,지방서기관
시군구,경상북도 김천시,복지환경국장,지방서기관
시군구,경상북도 안동시,평생복지국장,지방서기관
시군구,경상북도 구미시,미래교육돌봄국장,지방서기관
시군구,경상북도 영주시,문화복지국장,지방서기관
시군구,경상북도 영천시,문화관광복지국장,지방서기관
시군구,경상북도 상주시,행정복지국장,지방서기관
시군구,경상북도 문경시,행정복지국장,지방서기관
시군구,경상북도 경산시,복지문화국장,지방행정서기관
시군구,경상북도 의성군,관광복지국장,지방서기관
시군구,경상북도 청송군,주민행복과장,지방사회복지사무관
시군구,경상북도 영양군,행정복지국장,지방서기관
시군구,경상북도 영덕군,가족지원과장,지방행정사무관
시군구,경상북도 청도군,평생보장과장,지방행정사무관
시군구,경상북도 고령군,가족행복과장,지방행정사무관
시군구,경상북도 성주군,가족지원과장,지방사회복지사무관
시군구,경상북도 칠곡군,행정복지국장,지방서기관
시군구,경상북도 예천군,행정문화복지국장,지방서기관
시군구,경상북도 봉화군,교육가족과장,지방행정사무관
시군구,경상북도 울진군,행정복지국장,지방서기관
시군구,경상북도 울릉군,문화체육과장,지방방송통신사무관
시군구,경상남도 창원시,복지여성보건국장,지방서기관
시군구,경상남도 진주시,복지여성국장,지방서기관
시군구,경상남도 통영시,문화복지교통국장,지방서기관
시군구,경상남도 사천시,복지환경국장,지방행정서기관
시군구,경상남도 김해시,복지국장,지방서기관
시군구,경상남도 밀양시,문화복지국장,지방서기관
시군구,경상남도 거제시,복지국장,지방서기관
시군구,경상남도 양산시,복지국장,지방기술서기관
시군구,경상남도 의령군,행정복지국장,지방서기관
시군구,경상남도 함안군,복지환경국장,지방서기관
시군구,경상남도 창녕군,행정복지국,지방서기관
시군구,경상남도 고성군,행정복지국장,지방서기관
시군구,경상남도 남해군,주민행복과장,지방사회복지사무관
시군구,경상남도 하동군,기획행정국장,지방서기관
시군구,경상남도 산청군,행정복지국장,지방서기관
시군구,경상남도 함양군,지방서기관,경제복지국장
시군구,경상남도 거창군,경제복지국장,고위공무원
시군구,경상남도 합천군,행정복지국장,지방서기관
시도 교육청,서울특별시교육청,평생진로교육국장,장학관
시도 교육청,부산광역시교육청,교육국장,3급 장학관
시도 교육청, 대구광역시교육청,교육국장,장학관
시도 교육청,인천광역시교육청,학교교육국장,장학관
시도 교육청,광주광역시교육청,교육국장,장학관
시도 교육청,대전광역시교육청,교육국장,장학관
시도 교육청,울산광역시교육청,교육국장,장학관
시도 교육청,세종특별자치시교육청,담당관,4급상당
시도 교육청,경기도교육청,지역교육국장,장학관
시도 교육청,강원특별자치도교육청,교육국장,장학관
시도 교육청,충청북도교육청,교육국장,장학관
시도 교육청,충청남도교육청,교육국장,장학관
시도 교육청,전북특별자치도교육청,행정국장,지방부이사관
시도 교육청,전라남도교육청,교육국장,장학관
시도 교육청,경상북도교육청,교육국장,장학관
시도 교육청,경상남도교육청,미래교육국장,장학관
시도 교육청,제주특별자치도교육청,교육국장,장학관
