연번,시도,센터명,훈련과정명,교육시작일,교육종료일,총 훈련시간,훈련인원
1, 서울 , 강동 , 생성형 AI를 활용한 마케팅 전문가과정 ,2025-04-14,2025-05-28, 101 , 20 
2, 서울 , 강동 , 여성 창업가를 위한 고부가가치 경영 실무 과정 ,2025-10-16,2025-11-13, 85 , 20 
3, 서울 , 강동 , 파이썬 기반 데이터분석 실무전문가 과정 ,2025-06-16,2025-09-12, 285 , 20 
4, 서울 , 강서 , Ai활용 e커머스&디지털 마케터 양성과정 ,2025-05-19,2025-09-05, 322 , 20 
5, 서울 , 관악 , 생성형AI기반 콘텐츠마케팅 및 마케팅자동화실전과정 ,2025-04-21,2025-07-02, 200 , 20 
6, 서울 , 관악 , 이모티콘 굿즈 디자인크리에이터(인스타툰포함)과정 ,2025-07-07,2025-09-26, 240 , 20 
7, 서울 , 구로 , UI디자인 및 AI를 활용한 크리에이티브 디자인 ,2025-04-21,2025-07-31, 300 , 16 
8, 서울 , 남부 , 디지털 웹&앱 디자이너 ,2025-04-23,2025-09-11, 380 , 16 
9, 서울 , 남부 , 클라우드 기반 웹개발 실무 프로젝트(생성형 AI활용) ,2025-04-16,2025-08-13, 450 , 15 
10, 서울 , 노원 , AI융합 디지털 콘텐츠 크리에이터 양성 ,2025-04-01,2025-07-21, 300 , 20 
11, 서울 , 도봉 , 생성형AI를 활용한 캐릭터 비즈니스 전문가 양성과정 ,2025-04-15,2025-07-21, 276 , 20 
12, 서울 , 동대문 , UX/UI 콘텐츠 디자인 ,2025-03-31,2025-07-11, 290 , 20 
13, 서울 , 동대문 , 챗GPT(AI) 활용 마케팅 실무 ,2025-05-14,2025-07-31, 234 , 20 
14, 서울 , 동부 , SW테스터양성과정 ,2025-04-11,2025-07-16, 260 , 20 
15, 서울 , 동작 , 데이터 분석을 활용한 디지털 헬스케어 서비스 기획자 ,2025-08-26,2025-10-31, 257 , 20 
16, 서울 , 북부 , 생성형 AI를 활용한 마케팅 전문가 과정 ,2025-05-12,2025-08-08, 276 , 15 
17, 서울 , 북부 , 파이썬 기반 빅데이터분석 마케팅 전문가 과정 ,2025-03-25,2025-08-19, 360 , 16 
18, 서울 , 서대문 , 문화콘텐츠 분야 AI기술기반 창업가 양성과정 ,2025-06-25,2025-09-17, 240 , 20 
19, 서울 , 서부 , AI마케팅 활용 온라인 비즈니스 과정 ,2025-07-28,2025-11-05, 280 , 20 
20, 서울 , 서부 , AI융합 브랜드디자이너 양성과정 ,2025-04-07,2025-08-07, 356 , 20 
21, 서울 , 서초 , 챗GPT를 활용한 마케팅 실무 ,2025-08-18,2025-09-29, 124 , 15 
22, 서울 , 서초 , 청년여성 글로벌 디지털 무역 마케터 양성과정 ,2025-03-27,2025-05-30, 176 , 15 
23, 서울 , 송파 , Java&Spring 백엔드개발자과정 (LangChain LLM 프로젝트) ,2025-04-14,2025-09-23, 920 , 15 
24, 서울 , 용산 , 챗GPT활용 마케팅 실무자 양성과정 ,2025-04-21,2025-06-25, 198 , 20 
25, 서울 , 종로 , UXUI 디자인 실무 ,2025-04-22,2025-09-23, 451 , 20 
26, 서울 , 종로 , 미디어 영상콘텐츠 제작PD양성 ,2025-03-25,2025-07-01, 270 , 20 
27, 서울 , 종로 , 생성형 AI를 활용한 크리에이티브 디자이너 양성 ,2025-07-15,2025-10-24, 202 , 15 
28, 서울 , 중구 , 디지털3D 융합 패션전문가 양성과정 ,2025-03-24,2025-07-02, 426 , 15 
29, 서울 , 중구 , 챗 GPT(AI) 활용 마케팅 실무 교육 ,2025-03-24,2025-05-27, 292 , 15 
30, 서울 , 중랑 , 생성형 AI를 활용한 디지털마케터 양성 ,2025-05-29,2025-07-31, 180 , 16 
31, 서울 , 중랑 , 파이썬 활용 업무자동화 전문가 양성 ,2025-04-15,2025-08-01, 280 , 16 
32, 서울 , 중부 ," 디지털콘텐츠디자인(그래픽, 상세페이지, 영상편집) 취업 ",2025-04-07,2025-07-17, 300 , 20 
33, 부산 , 동구 , CLO툴을 활용한 3D 디지털 트윈 패션과정 ,2025-05-12,2025-08-19, 280 , 16 
34, 부산 , 동구 , 데이터테크 글로벌 무역실무자 양성과정 ,2025-05-19,2025-08-27, 284 , 16 
35, 부산 , 동래 , 생성형AI 활용 마케팅 전문가 과정 ,2025-04-15,2025-07-09, 240 , 16 
36, 부산 , 부산진 , (PBL로 배우는) DX시대 마케팅 전문과정 ,2025-03-25,2025-06-30, 234 , 15 
37, 부산 , 부산진 , PBL기반 스마트헬스케어 (예비)스타트업 육성 과정 ,2025-04-07,2025-08-18, 204 , 15 
38, 부산 , 부산진 , 디지털 기반 스마트 헬스케어 매니저 육성과정 ,2025-05-26,2025-08-19, 260 , 15 
39, 부산 , 사상 , AI 활용 마케터 양성과정 ,2025-04-03,2025-06-18, 300 , 15 
40, 부산 , 사하 , 생성형 AI를 활용한 웹디자이너 양성과정 ,2025-04-07,2025-06-24, 212 , 16 
41, 부산 , 해운대 , AI활용 디지털 마케팅 전문가 양성과정 ,2025-07-01,2025-09-19, 232 , 16 
42, 대구 , 대구남부 , 자바 파이썬 빅데이터융합 개발자 양성과정 ,2025-03-17,2025-09-16," 1,012 ", 16 
43, 대구 , 대구달서 , AI융합 웹툰콘텐츠 창작자 양성과정 ,2025-03-28,2025-11-28, 996 , 15 
44, 대구 , 대구달서 , AI프롬프트 데이터기반 디지털마케팅 전략기획전문가 양성과정 ,2025-04-14,2025-07-10, 360 , 15 
45, 대구 , 대구달서 , 언리얼엔진 콘텐츠 개발자 양성과정 ,2025-05-02,2025-11-20, 800 , 15 
46, 대구 , 수성 , AI기반 세무회계사무원 전문인력 양성과정 ,2025-04-21,2025-07-24, 392 , 20 
47, 대구 , 수성 , AI활용 디지털 마케터 양성과정 ,2025-05-19,2025-08-26, 280 , 20 
48, 대구 , 신달서 , 멀티미디어콘텐츠 전문가 양성과정 ,2025-04-01,2025-07-09, 272 , 15 
49, 인천 , 부평 , AI를 활용한 E-커머스 마케터 양성과정 ,2025-03-10,2025-06-12, 260 , 20 
50, 인천 , 인천 , 의료기기 RA 전문가 과정 ,2025-04-14,2025-05-30, 188 , 20 
51, 인천 , 인천남동 , 바이오의약품실무자양성과정 ,2025-06-23,2025-09-19, 266 , 20 
52, 인천 , 인천산단 , 바이오 공정 전문가 양성과정 ,2025-07-07,2025-08-29, 290 , 20 
53, 광주 , 광주 , 챗GPT를 활용한 마케팅 현장실무 ,2025-05-07,2025-08-06, 262 , 20 
54, 대전 , 대전 , AI&빅데이터 분석 전문가 ,2025-09-08,2025-11-28, 440 , 20 
55, 대전 , 대전배재대ICT융합 , 인공지능(AI)웹개발과정 ,2025-04-22,2025-10-28, 540 , 15 
56, 경기 , 경기IT , 피그마활용 UX/UI앱디자인 포트폴리오 with AI ,2025-03-17,2025-06-27, 420 , 20 
57, 경기 , 경기북부 ,ChatGPT 활용 디지털 마케팅 전문가 양성과정,2025-03-27,2025-06-25, 240 , 20 
58, 경기 , 고양 , AI 활용 마케팅 실무 과정 ,2025-03-10,2025-06-05, 240 , 15 
59, 경기 , 광명 , AI 데이터라벨러 전문과정 ,2025-03-18,2025-06-05, 220 , 20 
60, 경기 , 구리 , AI활용 디지털 마케팅 전문가 양성과정  ,2025-04-30,2025-08-21, 308 , 16 
61, 경기 , 구리 , 캐릭터이모티콘 창작전문가 과정  ,2025-06-02,2025-09-03, 260 , 16 
62, 경기 , 남양주 , AI 활용 온라인 마케팅 실무 ,2025-05-02,2025-07-24, 254 , 18 
63, 경기 , 부천 , 생성형 AI 활용 브랜드&패키지 디자이너 양성과정 ,2025-06-30,2025-10-13, 312 , 16 
64, 경기 , 부천 , 이모티콘&인스타툰 크리에이터 양성과정 ,2025-04-01,2025-06-27, 240 , 16 
65, 경기 , 성남 , AI 활용 이모티콘 크리에이터 양성과정 ,2025-07-22,2025-10-22, 240 , 20 
66, 경기 , 성남 , 인공지능(AI) 서비스 기획자 양성과정 ,2025-05-20,2025-09-24, 360 , 20 
67, 경기 , 시흥산단 , AI활용기술&온라인마케팅전문가 ,2025-04-14,2025-07-04, 220 , 20 
68, 경기 , 안양 , [실전프로젝트형]영상마케팅전문가육성과정 ,2025-03-24,2025-07-16, 340 , 18 
69, 경기 , 안양 , AI(인공지능)기반 멀티콘텐츠제작자 및  마케팅전문가 육성과정 ,2025-07-09,2025-11-18, 384 , 20 
70, 경기 , 양주 , 생성형 AI활용 마케팅전문가 양성과정 ,2025-04-03,2025-06-13, 155 , 15 
71, 경기 , 의정부YWCA , 스마트오피스 & 디지털마케팅전문가양성과정 ,2025-04-03,2025-05-30, 120 , 20 
72, 경기 , 포천 , AI활용 굿즈 이모티콘 디자이너 ,2025-06-12,2025-10-02, 228 , 16 
73, 경기 , 화성 , HACCP품질실무전문가 ,2025-04-21,2025-06-12, 160 , 20 
74, 강원 , 춘천 , 디지털콘텐츠 크리에이터 양성과정 ,2025-05-19,2025-08-01, 215 , 20 
75, 충북 , 충북 , 식품품질관리 전문가과정 ,2025-03-11,2025-04-25, 185 , 20 
76, 충북 , 충북 , 제약바이오 QA.QC 전문가과정 ,2025-03-12,2025-04-30, 216 , 20 
77, 충북 , 충북 , 제약바이오 제조공정 전문가과정 ,2025-03-11,2025-04-25, 212 , 20 
78, 충남 , 공주 , AI를 활용한 마케팅 전문가 양성과정 ,2025-04-07,2025-06-05, 176 , 20 
79, 충남 , 아산 , 신기술을 활용한 디지털마케팅 실무 전문가 양성과정 ,2025-06-27,2025-08-06, 174 , 20 
80, 충남 , 천안 , 디지털콘텐츠기획 창업과정 ,2025-05-12,2025-06-23, 180 , 20 
81, 전북 , 전북 , AI·SW 미래인재 양성과정 ,2025-04-23,2025-06-26, 140 , 15 
82, 전남 , 영암 , 선박설계인력양성과정 ,2025-03-28,2025-05-12, 162 , 17 
83, 경북 , 경북광역 , 6차산업 여성 특화 창업 ,2025-03-25,2025-06-12, 190 , 16 
84, 경남 , 경남 , 항노화헬스케어전문가과정 ,2025-09-02,2025-11-03, 120 , 20 
85, 경남 , 마산 , AI 콘텐츠 마케팅 전문인력 양성 ,2025-04-17,2025-06-26, 153 , 16 
86, 경남 , 창원 , AI기반 영상콘텐츠제작전문가 양성과정 ,2025-05-07,2025-08-18, 293 , 16 
87, 경남 , 창원 , 생성형 AI(ChatGPT)활용 마케팅전문가 양성과정 ,2025-06-18,2025-09-17, 251 , 16 
88, 제주 , 제주 , 디지털튜터전문가 양성과정 ,2025-05-12,2025-07-22, 300 , 20 
89, 부산 , 동구 , 3D모션그래픽디자이너양성과정 ,2025-03-17,2025-09-23, 528 , 16 
90, 부산 , 동구 , 디지털 AI기반 마케터 양성과정 ,2025-04-07,2025-07-23, 292 , 16 
91, 전북 , 익산 , e커머스마케터양성과정 ,2025-04-14,2025-08-12, 343 , 15 
92, 서울 , 은평 , AI & 소프트웨어 개발자 양성 ,2025-05-28,2025-08-06, 200 , 15 
93, 서울 , 은평 , O2O(온라인TO오프라인) 패션 머천다이저 양성 ,2025-05-12,2025-06-27, 200 , 15 
94, 서울 , 강북 , 멀티세무회계사무원 ,2025-06-10,2025-08-19, 200 , 20 
95, 서울 , 강북 , 장기요양기관 사회복지행정가 ,2025-03-24,2025-06-05, 200 , 20 
96, 서울 , 강북 , 직업상담사2급 자격증 취득 ,2025-03-25,2025-05-23, 160 , 20 
97, 서울 , 강서 , 아동급식조리사 양성과정 ,2025-07-14,2025-10-01, 184 , 20 
98, 서울 , 관악 , 사회복지실무자양성(사회복지시스템포함)과정 ,2025-04-01,2025-06-11, 222 , 20 
99, 서울 , 관악 , 세무회계실무과정 ,2025-05-27,2025-08-06, 200 , 20 
100, 서울 , 관악 , 히든챔피언_강소기업인사노무사무원 ,2025-09-03,2025-11-07, 176 , 20 
101, 서울 , 구로 , 금융[보험]총무 사무원 ,2025-09-01,2025-11-14, 200 , 20 
102, 서울 , 구로 , 장기요양 특화 사회복지 실무자 양성 ,2025-05-19,2025-07-18, 176 , 20 
103, 서울 , 남부 , 아동단체급식조리사 ,2025-03-21,2025-06-25, 162 , 20 
104, 서울 , 남부 , 장기요양기관 사회복지실무자 ,2025-05-14,2025-07-10, 164 , 20 
105, 서울 , 노원 , 늘봄학교 실무전문가 양성 ,2025-05-12,2025-07-07, 160 , 20 
106, 서울 , 노원 , 보험총무사무원 양성 ,2025-04-14,2025-07-01, 208 , 20 
107, 서울 , 노원 , 사회복지행정사무원 양성 ,2025-05-22,2025-07-17, 160 , 20 
108, 서울 , 노원 , 지역아동 돌봄 전문가 양성 ,2025-04-07,2025-07-04, 240 , 20 
109, 서울 , 동작 , 중소기업 회계실무자 양성 ,2025-03-19,2025-05-30, 200 , 20 
110, 서울 , 북부 , 현장맞춤조리실무전문가과정 ,2025-03-26,2025-05-30, 184 , 20 
111, 서울 , 서대문 , 사회복지시설 행정실무자 양성과정 ,2025-04-15,2025-06-13, 160 , 20 
112, 서울 , 서부 , 디지털 법무사무원 양성과정 ,2025-04-03,2025-07-11, 268 , 20 
113, 서울 , 서부 , 사회복지 실무 통합과정 ,2025-05-19,2025-07-25, 196 , 20 
114, 서울 , 서부 , 호텔 객실 관리 실무자 양성과정 ,2025-03-17,2025-04-04, 60 , 20 
115, 서울 , 서부 , 회계 실무자 양성과정 ,2025-07-28,2025-09-19, 212 , 20 
116, 서울 , 서초 , 국제물류 포워더 양성과정1 ,2025-03-10,2025-05-07, 160 , 20 
117, 서울 , 서초 , 국제물류 포워더 양성과정2 ,2025-09-01,2025-11-05, 160 , 20 
118, 서울 , 영등포 , ERP아파트경리사무원 양성 ,2025-04-17,2025-06-27, 188 , 20 
119, 서울 , 영등포 , 보험총무사무원 ,2025-08-20,2025-10-31, 188 , 20 
120, 서울 , 영등포 , 사회복지행정사무원 양성 (장기요양기관 실무) ,2025-05-23,2025-07-31, 196 , 20 
121, 서울 , 영등포 , 초등돌봄교사양성 ,2025-05-14,2025-07-18, 188 , 20 
122, 서울 , 용산 , 리셉션 어드민 매니저 양성과정 ,2025-04-07,2025-06-12, 180 , 20 
123, 서울 , 용산 , 실버복지 행정사무원 양성과정 ,2025-05-12,2025-07-09, 188 , 20 
124, 서울 , 용산 , 중소기업멀티사무원 양성과정 ,2025-08-18,2025-11-03, 200 , 20 
125, 서울 , 정릉 , Ai를 활용한 디지털마케팅실무과정 ,2025-05-12,2025-07-07, 160 , 20 
126, 서울 , 정릉 , 스마트실버케어실무과정 ,2025-09-01,2025-10-22, 120 , 20 
127, 서울 , 정릉 , 아동돌봄교사 전문가양성과정 ,2025-08-26,2025-11-11, 192 , 20 
128, 서울 , 종로 , 보험금융 총무사무원 양성 ,2025-08-26,2025-11-28, 254 , 20 
129, 서울 , 중구 , 늘봄키움 전문가 양성과정 ,2025-09-01,2025-11-12, 192 , 20 
130, 서울 , 중구 , 실버헬시케어 조리실무전문가 양성과정 ,2025-06-30,2025-09-24, 200 , 20 
131, 서울 , 중랑 , 감정 커뮤니케이션 강사 양성 ,2025-05-12,2025-07-29, 220 , 20 
132, 서울 , 중부 , 실버시설 사회복지사 ,2025-04-28,2025-06-26, 180 , 20 
133, 서울 , 중부 , 현장형 회계실무 취업 ,2025-05-07,2025-06-30, 168 , 20 
134, 부산 , 기장 , 간호조무사 실무 과정 ,2025-08-25,2025-09-12, 60 , 20 
135, 부산 , 기장 , 사회복지 실무 과정 ,2025-09-15,2025-10-28, 107 , 20 
136, 부산 , 기장 , 실버케어 실무 과정 ,2025-04-14,2025-05-15, 84 , 20 
137, 부산 , 기장 , 전산멀티사무원 양성 과정 ,2025-04-16,2025-06-16, 160 , 20 
138, 부산 , 동구 , AI활용 직업상담사 실무과정 ,2025-07-14,2025-09-08, 160 , 20 
139, 부산 , 동구 , 케어복지 실무자 양성과정 ,2025-09-08,2025-11-07, 160 , 20 
140, 부산 , 동래 , 실버케어복지실무 ,2025-04-03,2025-04-30, 80 , 20 
141, 부산 , 동래 , 장기요양맞춤 사회복지실무 ,2025-03-20,2025-05-23, 148 , 20 
142, 부산 , 동래 , 회계 및 경영지원실무 ,2025-05-08,2025-07-08, 172 , 20 
143, 부산 , 부산 , 간호조무사 재취업실무 ,2025-04-09,2025-05-23, 120 , 20 
144, 부산 , 부산 , 아파트 경리사무원(2기) ,2025-08-19,2025-11-06, 212 , 20 
145, 부산 , 부산 , 아파트경리 사무원(1기) ,2025-04-09,2025-06-26, 212 , 20 
146, 부산 , 부산 , 통합 실버케어복지 실무 ,2025-06-09,2025-07-25, 140 , 20 
147, 부산 , 부산강서 , 실버복지실무자양성 ,2025-04-07,2025-05-30, 166 , 20 
148, 부산 , 부산강서 , 실버케어전문관리사 양성 ,2025-08-25,2025-10-17, 140 , 20 
149, 부산 , 부산강서 , 전산회계사무원 양성 ,2025-04-24,2025-06-11, 124 , 20 
150, 부산 , 부산강서 , 퍼스널컬러 컨설턴트 양성 ,2025-10-13,2025-11-07, 80 , 20 
151, 부산 , 부산서구 , 간호케어실무&병원서비스 ,2025-03-18,2025-04-21, 100 , 20 
152, 부산 , 부산서구 , 병원동행매니저 ,2025-08-25,2025-09-12, 60 , 20 
153, 부산 , 부산서구 , 전문간병사실무&노인케어 ,2025-04-22,2025-05-22, 80 , 20 
154, 부산 , 부산서구 , 한식조리기능사&단체급식 ,2025-03-21,2025-05-20, 176 , 20 
155, 부산 , 부산서구 , 호텔룸메이드 & 정리수납 ,2025-04-09,2025-04-29, 60 , 20 
156, 부산 , 부산진 , (사례기반) 직업상담사를 위한 핵심 실무과정 ,2025-06-23,2025-07-28, 116 , 15 
157, 부산 , 부산진 , (사회복지분야 입직을 위한) 사회복지 System 운용 과정 ,2025-04-21,2025-05-29, 110 , 15 
158, 부산 , 부산진 , 빅데이터 사회복지사례관리 전문과정 ,2025-05-12,2025-06-18, 120 , 15 
159, 부산 , 부산진 , 실무기반 물리치료사 재취업 과정 ,2025-06-02,2025-07-22, 160 , 15 
160, 부산 , 부산진 , 환자중심 전문 간병인 양성과정 ,2025-03-31,2025-04-30, 103 , 15 
161, 부산 , 사상 , 노인의료돌봄인력 양성과정 ,2025-04-02,2025-06-18, 129 , 20 
162, 부산 , 사상 , 단체급식조리사 양성과정 ,2025-05-07,2025-08-20, 168 , 20 
163, 부산 , 사상 , 실무중심 간호인력 재취업 양성과정 ,2025-09-04,2025-09-29, 123 , 20 
164, 부산 , 사하 , 시니어 ALL케어 실무자 양성과정 ,2025-09-01,2025-10-01, 92 , 20 
165, 부산 , 사하 , 현장 실무중심 보육교사 양성과정 ,2025-04-01,2025-04-28, 80 , 20 
166, 부산 , 해운대 , AI기반 디지털마케팅 전문가 ,2025-09-03,2025-11-04, 160 , 20 
167, 부산 , 해운대 , 멀티경영지원사무원 ,2025-04-01,2025-05-29, 160 , 20 
168, 부산 , 해운대 , 사회복지 행정실무 ,2025-05-28,2025-07-23, 160 , 20 
169, 대구 , 대구 ," (전직, 취.창업) 외식조리실무 양성 과정 ",2025-04-10,2025-07-08, 270 , 20 
170, 대구 , 대구 , 간호조무사 재취업 실무교육과정 ,2025-05-19,2025-06-18, 88 , 20 
171, 대구 , 대구 , 세무회계사무원 양성과정 ,2025-04-23,2025-08-06, 319 , 20 
172, 대구 , 대구 , 스마트멀티사무원양성과정 ,2025-04-21,2025-07-24, 264 , 20 
173, 대구 , 대구 , 스마트워크 경리회계 및 경영지원사무원 양성과정 ,2025-05-12,2025-08-08, 264 , 20 
174, 대구 , 대구 , 취·창업을 위한 패션디자인제품 제작과정 ,2025-04-21,2025-07-11, 340 , 20 
175, 대구 , 대구남부 , 느린학습자 맞춤형지도사 양성과정 ,2025-09-16,2025-11-13, 176 , 20 
176, 대구 , 대구남부 , 보험금융총무사무원 양성과정 ,2025-04-17,2025-07-11, 228 , 20 
177, 대구 , 대구남부 , 의약품행정사무원 양성과정 ,2025-05-08,2025-06-24, 132 , 20 
178, 대구 , 수성 , 간호조무사 실무 인력 양성과정 ,2025-05-15,2025-07-22, 198 , 20 
179, 대구 , 수성 , 산후관리전문가 양성과정 ,2025-05-08,2025-07-08, 175 , 20 
180, 대구 , 수성 , 폐자원을 활용한 패션소품 및 반려견 패션 제작 전문가 양성과정 ,2025-05-26,2025-09-08, 308 , 20 
181, 대구 , 신달서 , ALL케어 실버통합돌봄 전문인력 양성과정 ,2025-04-07,2025-06-05, 125 , 20 
182, 대구 , 신달서 ," 스마트 회계사무원 양성과정(FAT1급, 컴퓨터활용능력2급 취득 과정) ",2025-04-09,2025-06-20, 196 , 20 
183, 대구 , 신달서 , 현장맞춤 간호조무사 양성과정 ,2025-04-07,2025-06-05, 160 , 20 
184, 인천 , 계양 , 공동주택 경리사무원 양성과정 ,2025-04-16,2025-06-18, 166 , 20 
185, 인천 , 부평 , 모두의 성장을 지원하는 AI·디지털 교육 전문가 양성과정 ,2025-03-17,2025-05-16, 168 , 20 
186, 인천 , 인천 , CAD.경리사무원 양성과정 ,2025-07-14,2025-10-17, 236 , 20 
187, 인천 , 인천 , 단체(아동)급식조리사 과정 ,2025-03-24,2025-05-29, 184 , 20 
188, 인천 , 인천 , 장기요양시설 사회복지실무자 과정 ,2025-06-25,2025-08-26, 156 , 20 
189, 인천 , 인천남동 , 공동주택경리사무원 양성과정 ,2025-04-01,2025-06-13, 204 , 20 
190, 인천 , 인천남동 , 사회복지행정사무원 양성과정 ,2025-04-28,2025-07-18, 220 , 20 
191, 인천 , 인천남동 , 직업상담실무자 양성과정 ,2025-09-08,2025-11-03, 140 , 20 
192, 인천 , 인천남동산단 , 아파트 경리사무원 실무과정 ,2025-05-28,2025-08-13, 220 , 20 
193, 인천 , 인천미추홀 ,  단체급식조리사양성과정 ,2025-05-12,2025-07-08, 164 , 20 
194, 인천 , 인천미추홀 , 늘봄행정실무사 양성과정 ,2025-04-07,2025-07-01, 232 , 20 
195, 인천 , 인천미추홀 , 멀티행정실무자 양성과정 ,2025-08-18,2025-11-10, 224 , 20 
196, 인천 , 인천미추홀 , 사회복지실무자 양성과정 ,2025-06-02,2025-07-28, 160 , 20 
197, 인천 , 인천미추홀 , 직업상담사 실무과정 ,2025-05-12,2025-07-17, 192 , 20 
198, 인천 , 인천산단 , 사회복지 행정사무원 양성과정 ,2025-06-18,2025-08-27, 196 , 20 
199, 인천 , 인천산단 , 중소기업 회계마스터 양성과정 ,2025-03-10,2025-05-09, 172 , 20 
200, 인천 , 인천서구 , 단체급식조리사 ,2025-07-18,2025-09-19, 180 , 20 
201, 인천 , 인천서구 , 사회복지행정사무원양성과정 ,2025-03-17,2025-05-30, 200 , 20 
202, 인천 , 인천서구 , 중소기업멀티사무원양성과정 ,2025-07-21,2025-09-16, 160 , 20 
203, 인천 , 인천서구 , 한식조리실무자 ,2025-03-31,2025-06-27, 240 , 20 
204, 광주 , 광산 , 산단중심 경리회계사무원 ,2025-05-21,2025-08-13, 240 , 20 
205, 광주 , 광산 , 실버케어사회복지행정실무자 ,2025-03-17,2025-05-20, 180 , 20 
206, 광주 , 광주 , 단체조리마스터 ,2025-04-01,2025-06-13, 200 , 20 
207, 광주 , 광주 , 도배기능사양성과정 ,2025-04-10,2025-06-10, 160 , 20 
208, 광주 , 광주 , 케어복지실무과정 ,2025-03-24,2025-05-13, 139 , 20 
209, 광주 , 광주북구 , 단체급식조리실무 ,2025-04-24,2025-06-17, 136 , 20 
210, 광주 , 광주북구 , 브리지커뮤니케이터전문가 ,2025-06-09,2025-07-29, 148 , 20 
211, 광주 , 광주북구 , 사회서비스현장실무과정 ,2025-03-20,2025-05-23, 176 , 20 
212, 광주 , 광주북구 , 시니어운동전문가 ,2025-04-14,2025-06-13, 160 , 20 
213, 광주 , 광주서구 , 멀티경리회계사무원 ,2025-04-09,2025-07-08, 240 , 20 
214, 광주 , 광주서구 , 실버인지활동전문가 ,2025-05-15,2025-07-10, 160 , 20 
215, 광주 , 광주서구 , 한식외식조리전문가 ,2025-03-27,2025-06-17, 220 , 20 
216, 광주 , 광주서구 , 힐링원예전문가 ,2025-04-15,2025-07-04, 220 , 20 
217, 광주 , 송원대 , AI기반 멀티사무원 ,2025-05-14,2025-07-16, 180 , 20 
218, 광주 , 송원대 , 노인돌봄활동지원사 ,2025-05-27,2025-07-08, 120 , 20 
219, 광주 , 송원대 , 사회복지사 현장실무 ,2025-03-25,2025-05-22, 160 , 20 
220, 대전 , 대전 , 스마트 보험심사 전문가 과정 ,2025-04-14,2025-06-19, 180 , 20 
221, 대전 , 대전 , 영양맞춤 영유아 조리전문가 과정 ,2025-09-08,2025-11-21, 200 , 20 
222, 대전 , 대전 , 진로직업 커리어 마스터 과정 ,2025-08-13,2025-10-16, 160 , 20 
223, 대전 , 대전 , 하이브리드 회계&행정 사무원 과정 ,2025-07-14,2025-09-22, 200 , 20 
224, 대전 , 대전 , 현장맞춤 사회복지사 과정 ,2025-04-03,2025-06-17, 200 , 20 
225, 울산 , 울산 , 간호조무 전문가 양성과정 ,2025-04-14,2025-06-13, 164 , 20 
226, 울산 , 울산 , 여성 도배전문가 양성과정 ,2025-04-07,2025-06-04, 200 , 20 
227, 울산 , 울산 , 콘텐츠크리에이터 사무원 양성과정 ,2025-05-08,2025-07-31, 240 , 20 
228, 울산 , 울산동구 , ERP전문 경리사무원 양성과정 ,2025-03-24,2025-06-10, 212 , 20 
229, 울산 , 울산북구 , 실버돌봄 사회복지실무자 양성과정 ,2025-06-16,2025-07-18, 100 , 20 
230, 울산 , 울산북구 , 청소 마스터 전문인력 양성과정 ,2025-03-31,2025-05-26, 156 , 20 
231, 울산 , 울주군 , 경리사무회계 실무자 과정  ,2025-04-29,2025-07-08, 184 , 20 
232, 울산 , 울주군 ," 코딩, AI, 드론 교육 전문가 과정 ",2025-04-01,2025-06-05, 184 , 20 
233, 경기 , 경기북부 , 간호조무사 실무인력 양성과정 ,2025-04-10,2025-06-10, 160 , 20 
234, 경기 , 경기북부 , 금융보험사무원 양성과정 ,2025-03-10,2025-05-29, 224 , 20 
235, 경기 , 경기북부 , 디지털 융합 멀티회계사무원 양성과정 ,2025-05-12,2025-07-16, 188 , 20 
236, 경기 , 경기북부 , 사회복지사 실무인력 양성과정 ,2025-04-21,2025-06-19, 160 , 20 
237, 경기 , 고양 , 보험총무사무원양성과정 ,2025-06-02,2025-08-29, 240 , 20 
238, 경기 , 광명 , 공동주택 ERP 사무원 양성과정 ,2025-05-13,2025-07-29, 220 , 20 
239, 경기 , 광명 , 정리수납 매니저 ,2025-08-05,2025-09-26, 152 , 20 
240, 경기 , 광명 , 현장맞춤형 사회복지사 양성과정 ,2025-06-17,2025-08-26, 200 , 20 
241, 경기 , 구리 , 멀티경리 사무원 양성과정 ,2025-03-31,2025-07-02, 256 , 20 
242, 경기 , 구리 , 사회복지(장기요양) 행정실무 ,2025-06-02,2025-08-08, 201 , 20 
243, 경기 , 군포 , 멀티사무원양성과정 ,2025-05-12,2025-07-31, 232 , 20 
244, 경기 , 군포 , 사회복지 행정실무 교육과정 ,2025-08-07,2025-10-27, 212 , 20 
245, 경기 , 김포 , 사회복지 행정사무원 양성과정  ,2025-07-21,2025-09-11, 152 , 20 
246, 경기 , 김포 , 실버케어 치매예방관리자 과정 ,2025-04-02,2025-05-12, 104 , 20 
247, 경기 , 김포 , 온라인 실무 사무원 과정 ,2025-08-11,2025-10-01, 148 , 20 
248, 경기 , 남양주 , ERP재무사무원 ,2025-07-11,2025-09-15, 205 , 20 
249, 경기 , 남양주 , 금융사지원 사무원양성과정 ,2025-08-18,2025-10-17, 181 , 20 
250, 경기 , 부천 , 경영지원실무자 양성과정 ,2025-07-24,2025-09-25, 180 , 20 
251, 경기 , 부천 , 사회복지 통합실무자 양성과정 ,2025-05-19,2025-07-18, 176 , 20 
252, 경기 , 시흥 , 단체급식조리실무자 ,2025-03-24,2025-05-29, 180 , 20 
253, 경기 , 시흥산단 , PERFECT 사무회계전문가 ,2025-03-14,2025-06-12, 240 , 20 
254, 경기 , 시흥산단 , 현장맞춤 인지케어 실무자  ,2025-07-07,2025-09-15, 180 , 20 
255, 경기 , 안산 , 공동주택(아파트) ERP 경리사무원 양성과정 ,2025-05-27,2025-07-25, 172 , 18 
256, 경기 , 안산 , 사회복지행정사무원 양성 ,2025-08-04,2025-10-27, 220 , 20 
257, 경기 , 안산 , 장기요양기관 사회복지 실무자양성 ,2025-04-10,2025-04-30, 152 , 20 
258, 경기 , 안산 , 치매예방관리전문가양성과정 ,2025-08-04,2025-09-30, 164 , 20 
259, 경기 , 안양 , 멀티행정사무원양성과정 ,2025-06-19,2025-09-11, 240 , 20 
260, 경기 , 안양 , 사회복지행정사무원양성과정 ,2025-03-17,2025-06-13, 240 , 20 
261, 경기 , 안양 , 세무회계실무자양성과정 ,2025-07-17,2025-10-20, 244 , 20 
262, 경기 , 양주 , 멀티 사무원 양성과정 ,2025-07-07,2025-08-29, 169 , 20 
263, 경기 , 양주 , 사회복지사 실무자 양성과정 ,2025-03-20,2025-05-09, 150 , 20 
264, 경기 , 영통 , AI 활용 마케팅 실무 ,2025-04-07,2025-06-19, 200 , 20 
265, 경기 , 영통 , 노인맞춤돌봄 생활지원사 ,2025-09-01,2025-11-10, 180 , 20 
266, 경기 , 영통 , 늘봄학교 돌봄전담사 ,2025-05-13,2025-07-22, 200 , 20 
267, 경기 , 영통 , 사회복지사 행정실무 ,2025-03-24,2025-05-28, 180 , 20 
268, 경기 , 영통 , 직업상담 전문가 ,2025-07-07,2025-09-22, 200 , 20 
269, 경기 , 영통 , 코딩융합교육 전문가 ,2025-04-28,2025-07-10, 200 , 20 
270, 경기 , 오산 , 멀티경리사무원 과정 ,2025-04-07,2025-06-23, 207 , 20 
271, 경기 , 용인 , 실버사회복지사 실무과정 ,2025-04-07,2025-06-25, 224 , 20 
272, 경기 , 의왕 , 멀티행정사무원양성과정 ,2025-08-18,2025-10-29, 192 , 20 
273, 경기 , 의왕 ," 생활지원사, 사회복지사 특화과정 ",2025-06-19,2025-08-05, 136 , 20 
274, 경기 , 의정부YWCA , 노인돌봄 현장실무자 양성과정 ,2025-03-17,2025-04-25, 120 , 20 
275, 경기 , 의정부YWCA , 단체급식조리사 양성과정 ,2025-04-01,2025-06-20, 165 , 20 
276, 경기 , 의정부YWCA , 세무회계사무원 양성과정 ,2025-03-20,2025-06-05, 212 , 20 
277, 경기 , 의정부YWCA , 정리수납전문가 양성과정 ,2025-05-19,2025-06-30, 120 , 20 
278, 경기 , 이천 , ERP 정보관리 사무전문가 양성 과정 ,2025-04-07,2025-07-02, 228 , 20 
279, 경기 , 이천 , 노인통합돌봄지원사양성과정 ,2025-06-09,2025-08-25, 220 , 20 
280, 경기 , 이천 , 회계실무자양성과정 ,2025-03-27,2025-06-20, 228 , 20 
281, 경기 , 파주 , 간호조무사 리스타트 과정 ,2025-06-16,2025-07-30, 132 , 20 
282, 경기 , 팔달 , 간호조무사 임상실무 마스터 양성과정 ,2025-04-01,2025-05-21, 140 , 20 
283, 경기 , 팔달 , 노인시설 사회복지사 실무 ,2025-04-01,2025-05-28, 160 , 20 
284, 경기 , 팔달 , 산모·신생아 돌봄전문가 양성과정 ,2025-04-01,2025-05-07, 96 , 20 
285, 경기 , 평택 , 단체급식전문가 양성과정 ,2025-04-02,2025-06-23, 167 , 20 
286, 경기 , 평택 , 멀티회계사무원 과정 ,2025-04-01,2025-06-19, 224 , 20 
287, 경기 , 평택 , 사회복지사 실무과정 ,2025-03-17,2025-05-29, 220 , 20 
288, 경기 , 평택 , 생전정리 지도사 양성 과정 ,2025-04-01,2025-06-11, 200 , 20 
289, 경기 , 포천 , 경리회계실무 사무원 양성 과정 ,2025-03-27,2025-06-30, 200 , 20 
290, 경기 , 포천 , 시니어 돌봄 실무사 ,2025-04-25,2025-07-25, 200 , 20 
291, 경기 , 포천 , 웰빙 한식조리사 ,2025-05-20,2025-07-29, 160 , 20 
292, 경기 , 화성 , 실버사회복지 현장실무과정 ,2025-03-20,2025-05-16, 160 , 22 
293, 경기 , 화성 , 온라인 쇼핑몰 창업 실무과정 ,2025-05-16,2025-07-11, 160 , 22 
294, 경기 , 화성 , 직업상담현장전문가 실무과정 ,2025-08-01,2025-09-30, 172 , 22 
295, 경기 , 화성 , 청소년 디지털튜터전문과정 ,2025-04-16,2025-06-30, 204 , 22 
296, 강원 , 강릉 , AI를 활용한 사무행정 실무과정 ,2025-04-28,2025-06-12, 120 , 20 
297, 강원 , 강릉 , 사회복지 통합 실무 과정 ,2025-06-02,2025-07-24, 152 , 20 
298, 강원 , 강릉 , 현장실습 중심 단체급식조리사 ,2025-04-14,2025-05-28, 120 , 20 
299, 강원 , 동해 , 사회복지 행정사무원 양성과정 ,2025-04-17,2025-06-11, 144 , 20 
300, 강원 , 동해 , 실버토탈케어 실무 양성과정 ,2025-09-01,2025-09-26, 80 , 20 
301, 강원 , 동해 , 한식조리원양성과정 ,2025-03-24,2025-05-09, 128 , 20 
302, 강원 , 삼척 , 탄소중립실천교육강사양성과정 ,2025-04-21,2025-08-28, 159 , 20 
303, 강원 , 삼척 , 행정사무원 양성과정 ,2025-03-05,2025-06-20, 135 , 20 
304, 강원 , 속초 , 늘봄학교 교육 전문인력 양성과정 ,2025-04-02,2025-06-13, 151 , 20 
305, 강원 , 속초 , 세무회계 마스터 양성과정 ,2025-06-26,2025-10-02, 227 , 20 
306, 강원 , 속초 , 직업상담 전문가 양성과정 ,2025-05-19,2025-07-30, 207 , 20 
307, 강원 , 속초 , 홍보 행정사무원 양성과정 ,2025-07-14,2025-10-01, 228 , 20 
308, 강원 , 양양 , 실버인지·체육전문가 양성과정 ,2025-03-18,2025-05-28, 150 , 20 
309, 강원 , 영월 , 사회복지실무자 양성과정 ,2025-03-31,2025-06-12, 140 , 15 
310, 강원 , 원주 , 세무회계실무자 ,2025-03-24,2025-06-02, 188 , 20 
311, 강원 , 원주 , 한식 마스터 양성 ,2025-04-08,2025-06-12, 160 , 20 
312, 강원 , 정선 , 웰니스 치유원예사 양성과정 ,2025-04-21,2025-06-18, 100 , 20 
313, 강원 , 춘천 , AI와 로봇을 활용한 실무전문가 양성과정 ,2025-05-21,2025-07-23, 135 , 20 
314, 강원 , 춘천 , 노인맞춤 전문가 양성과정 ,2025-08-06,2025-09-30, 156 , 20 
315, 강원 , 춘천 , 캐디 실무와 CS 양성과정 ,2025-06-02,2025-07-31, 173 , 20 
316, 충북 , 영동 , 멀티 오피스 사무원 양성과정 ,2025-04-21,2025-06-24, 140 , 15 
317, 충북 , 제천 , 간호조무사실무양성과정 ,2025-04-01,2025-06-13, 200 , 20 
318, 충북 , 청주 , 사회복지행정실무 ,2025-03-20,2025-05-22, 186 , 20 
319, 충북 , 충주 , 완전정복사회복지행정실무과정 ,2025-05-12,2025-07-01, 144 , 20 
320, 충남 , 논산 , AI활용사무회계실무전문가 ,2025-04-17,2025-07-14, 251 , 20 
321, 충남 , 논산 , 간호조무사재취업실무과정 ,2025-04-03,2025-05-14, 124 , 20 
322, 충남 , 논산 , 사회복지사 재취업 행정 실무자 ,2025-03-27,2025-05-12, 124 , 20 
323, 충남 , 당진 , 사회복지 실무자 양성과정 ,2025-04-21,2025-06-18, 160 , 20 
324, 충남 , 당진 , 중소기업경리실무자양성과정 ,2025-03-24,2025-06-19, 240 , 20 
325, 충남 , 당진 , 현장에서 바로쓰는 전산세무사무원 양성과정 ,2025-04-02,2025-06-20, 220 , 20 
326, 충남 , 보령 , 디지털 행정실무 과정 ,2025-09-01,2025-11-13, 176 , 20 
327, 충남 , 보령 , 사회복지 현장 스킬업 과정 ,2025-04-01,2025-06-13, 194 , 20 
328, 충남 , 보령 , 온라인 비즈니스 실무 과정 ,2025-06-18,2025-08-26, 176 , 20 
329, 충남 , 보령 , 환경안전 크리에이터 과정 ,2025-06-02,2025-07-07, 170 , 20 
330, 충남 , 부여 , 취업성공 컴활2급 ,2025-05-12,2025-06-16, 100 , 20 
331, 충남 , 서산 , 사회복지 실무 마스터 양성 ,2025-08-18,2025-10-17, 157 , 20 
332, 충남 , 서천 , AI마케팅 콘텐츠 전문가 양성과정 ,2025-03-10,2025-06-09, 157 , 15 
333, 충남 , 아산 , 사회복지실무자양성과정  ,2025-08-11,2025-10-20, 180 , 20 
334, 충남 , 아산 , 아이맞춤 급식조리사 양성과정 ,2025-04-01,2025-06-05, 160 , 20 
335, 충남 , 천안 , 회계실무사무원 양성과정 ,2025-04-01,2025-07-02, 252 , 20 
336, 전북 , 군산 , K-디저트전문가 ,2025-04-14,2025-06-13, 160 , 20 
337, 전북 , 군산 , 사회복지행정실무자 ,2025-08-18,2025-10-22, 160 , 20 
338, 전북 , 군산 , 실버인지케어전문가 ,2025-04-08,2025-06-11, 136 , 20 
339, 전북 , 군산 , 한식조리기능사 양성 ,2025-08-11,2025-10-16, 136 , 20 
340, 전북 , 김제 , 실버케어 사회복지실무자 양성과정 ,2025-04-01,2025-06-17, 200 , 15 
341, 전북 , 김제 , 한식 단체급식조리사 양성과정 ,2025-04-07,2025-06-26, 200 , 20 
342, 전북 , 김제 , 회계사무원양성과정 ,2025-03-21,2025-06-19, 236 , 18 
343, 전북 , 남원 , 맞춤형 노인돌봄전문가 ,2025-05-12,2025-07-15, 184 , 20 
344, 전북 , 남원 , 사회복지 행정실무 마스터 ,2025-04-08,2025-06-23, 200 , 20 
345, 전북 , 완주 , 디지털튜터 멀티사무원 양성과정 ,2025-03-04,2025-05-16, 200 , 15 
346, 전북 , 완주 , 시니어 토탈케어 전문가 양성과정 ,2025-04-07,2025-06-20, 168 , 15 
347, 전북 , 익산 , AI응용 전산회계사무원 과정 ,2025-04-07,2025-06-23, 208 , 20 
348, 전북 , 익산 , 노인생활지원사과정 ,2025-06-23,2025-09-03, 208 , 20 
349, 전북 , 익산 , 디지털AI 사무실무과정 ,2025-06-09,2025-08-20, 208 , 20 
350, 전북 , 익산 , 조리실무사양성과정 ,2025-04-01,2025-06-17, 208 , 20 
351, 전북 , 전북 , 실버케어전문가 ,2025-04-15,2025-06-26, 120 , 20 
352, 전북 , 전주 , 경영회계사무원 ,2025-04-21,2025-07-31, 234 , 20 
353, 전북 , 전주 , 시니어케어 전문가 양성과정 ,2025-04-22,2025-07-10, 174 , 20 
354, 전북 , 전주 , 조리실무사양성과정 ,2025-03-24,2025-06-17, 187 , 20 
355, 전북 , 정읍 , 건강한 한식 전문조리사 과정 ,2025-04-01,2025-07-08, 164 , 20 
356, 전북 , 정읍 , 스마트 오피스 실무과정 ,2025-03-04,2025-05-13, 193 , 20 
357, 전북 , 정읍 , 통합돌봄서비스 실무과정 ,2025-04-01,2025-06-18, 132 , 20 
358, 전남 , 광양 , 스마트요양보호실무 ,2025-04-07,2025-05-16, 104 , 20 
359, 전남 , 광양 , 실버복지전문가 ,2025-09-01,2025-10-27, 140 , 20 
360, 전남 , 광양 , 어린이집맞춤형조리사 ,2025-09-01,2025-10-24, 140 , 20 
361, 전남 , 나주 , 사회복지 실무 마스터 과정 ,2025-04-03,2025-07-01, 240 , 20 
362, 전남 , 목포 , 세무회계멀티사무원 ,2025-05-14,2025-07-24, 170 , 20 
363, 전남 , 목포 , 실버케어지도사 ,2025-04-14,2025-06-04, 118 , 20 
364, 전남 , 목포 , 직업상담사 마스터 ,2025-04-07,2025-06-27, 178 , 20 
365, 전남 , 목포 , 한식조리전문가 ,2025-04-09,2025-06-27, 182 , 20 
366, 전남 , 순천 , 대상맞춤형단체급식조리사과정 ,2025-04-07,2025-06-12, 200 , 20 
367, 전남 , 순천 , 전산회계ERP실무자과정 ,2025-06-16,2025-08-18, 180 , 20 
368, 전남 , 순천 , 현장맞춤형 사회복지실무과정 ,2025-04-21,2025-06-18, 180 , 20 
369, 전남 , 여수 , ERP회계인사 정보관리 사무원 ,2025-04-02,2025-06-05, 187 , 20 
370, 전남 , 여수 , 직업상담 현장실무자 ,2025-03-12,2025-05-21, 188 , 20 
371, 전남 , 여수 , 통합 간호조무사 ,2025-05-26,2025-07-28, 199 , 17 
372, 전남 , 장성 , 스마트케어복지실무과정 ,2025-05-12,2025-07-07, 176 , 20 
373, 전남 , 장성 , 일반사무원양성과정 ,2025-08-18,2025-10-22, 172 , 20 
374, 전남 , 화순 , 실버인지케어 양성과정 ,2025-04-28,2025-07-10, 151 , 20 
375, 전남 , 화순 , 조리실무사양성과정 ,2025-04-07,2025-06-19, 145 , 20 
376, 경북 , 경산 , 마스터 단체급식조리사 ,2025-04-29,2025-07-09, 192 , 16 
377, 경북 , 경산 , 산모&신생아 돌봄 관리사 과정 ,2025-05-14,2025-07-11, 100 , 20 
378, 경북 , 경산 , 정리수납 취창업과정-신박한 정리  ,2025-05-12,2025-07-07, 102 , 20 
379, 경북 , 경주 , ERP 활용 실무 ,2025-04-01,2025-06-05, 200 , 20 
380, 경북 , 경주 , 노인복지프로그램 진행자 ,2025-07-14,2025-09-15, 200 , 20 
381, 경북 , 경주 , 문화관광 스토리텔링 ,2025-05-23,2025-07-25, 201 , 20 
382, 경북 , 경주 , 스마트 케어지원사 ,2025-09-17,2025-11-14, 175 , 20 
383, 경북 , 구미 , 실버케어전문관리사과정 ,2025-03-25,2025-05-23, 178 , 20 
384, 경북 , 구미 , 직업상담사과정 ,2025-03-25,2025-05-28, 178 , 20 
385, 경북 , 구미 , 한식조리기능사과정 ,2025-04-01,2025-06-13, 223 , 20 
386, 경북 , 구미 , 회계전문사무원과정 ,2025-04-21,2025-06-25, 178 , 20 
387, 경북 , 김천 , 사회복지실무자 양성과정 ,2025-06-02,2025-08-19, 184 , 20 
388, 경북 , 김천 , 실무를 위한 챗GPT & ITQ 융합 과정 ,2025-08-18,2025-10-30, 122 , 20 
389, 경북 , 김천 , 실버케어 실무자 양성과정 ,2025-03-05,2025-06-13, 134 , 20 
390, 경북 , 김천 , 직업상담사2급 자격취득과정 ,2025-03-05,2025-07-24, 194 , 20 
391, 경북 , 영주 , 사무행정실무자 양성과정 ,2025-06-02,2025-07-18, 134 , 20 
392, 경북 , 영주 , 실버통합돌봄 전문가 양성과정 ,2025-08-28,2025-10-31, 162 , 20 
393, 경북 , 영주 , 현장맞춤형 사회복지사 양성과정 ,2025-03-17,2025-05-19, 166 , 20 
394, 경북 , 영천 , 간호조무사 재취업 실무자과정 ,2025-03-11,2025-05-08, 160 , 20 
395, 경북 , 영천 , 멀티(경리회계)사무원 과정 ,2025-05-13,2025-07-22, 200 , 20 
396, 경북 , 영천 , 병원동행매니저과정 ,2025-05-12,2025-07-07, 160 , 20 
397, 경북 , 영천 , 스텝 탈출 헤어디자이너과정 ,2025-03-24,2025-06-19, 240 , 20 
398, 경북 , 영천 , 지역맞춤 사회복지 실무과정 ,2025-07-08,2025-09-02, 160 , 20 
399, 경북 , 칠곡 , 로컬푸드를 활용한 단체급식쉐프 양성 ,2025-03-25,2025-07-01, 160 , 20 
400, 경북 , 칠곡 , 사회복지행정실무자 양성 ,2025-06-16,2025-07-11, 80 , 20 
401, 경북 , 칠곡 , 세무회계관리전략 ,2025-03-24,2025-06-24, 208 , 20 
402, 경북 , 칠곡 , 잡매칭 직업상담사 ,2025-04-07,2025-07-07, 160 , 20 
403, 경북 , 포항 , 노인돌봄생활지원사 양성과정 ,2025-07-02,2025-09-04, 188 , 20 
404, 경북 , 포항 , 사회복지행정실무자양성과정 ,2025-03-18,2025-05-15, 178 , 20 
405, 경북 , 포항 , 오피스회계사무원양성과정 ,2025-03-24,2025-05-28, 200 , 20 
406, 경북 , 포항 , 한식&영양급식조리사양성과정 ,2025-04-01,2025-06-04, 194 , 20 
407, 경남 , 거제 , 리스타트 사회복지 전문가 양성과정 ,2025-07-08,2025-09-30, 136 , 20 
408, 경남 , 거제 , 조선업 세무회계 사무원 양성과정 ,2025-04-07,2025-07-01, 188 , 20 
409, 경남 , 경남 , 사회복지분야실무인력양성과정 ,2025-04-15,2025-07-01, 159 , 20 
410, 경남 , 김해 , (일반)사회복지행정실무자양성과정 ,2025-05-26,2025-08-04, 200 , 22 
411, 경남 , 김해 , (일반)아동돌봄 놀이지도사 ,2025-08-20,2025-11-11, 204 , 20 
412, 경남 , 김해 , (일반)중소기업경리사무원 ,2025-08-08,2025-10-24, 200 , 20 
413, 경남 , 김해 , 시니어 체험강사 양성과정 ,2025-03-28,2025-06-12, 204 , 20 
414, 경남 , 김해시동부 , AI디지털전문강사 양성과정 ,2025-05-26,2025-07-23, 131 , 20 
415, 경남 , 김해시동부 , 노인생활돌봄 양성과정 ,2025-03-25,2025-06-27, 198 , 20 
416, 경남 , 김해시동부 , 디지털활용 사회복지사 양성과정 ,2025-05-13,2025-07-11, 170 , 20 
417, 경남 , 마산 , 복지행정실무자 ,2025-05-21,2025-07-15, 161 , 20 
418, 경남 , 양산 , 노인케어 전문가 양성 ,2025-08-06,2025-10-20, 192 , 20 
419, 경남 , 양산 , 방과후 돌봄 지도사 양성 ,2025-05-19,2025-07-21, 180 , 20 
420, 경남 , 양산 , 커리어UP회계사무원 양성과정 ,2025-04-15,2025-07-16, 256 , 20 
421, 경남 , 진주 , 멀티디자인사무원 양성 ,2025-04-01,2025-06-23, 220 , 20 
422, 경남 , 진주 , 청소 마스터양성 ,2025-04-01,2025-05-30, 160 , 20 
423, 경남 , 창원 , 노인복지 현장 맞춤형 사회복지사 양성과정 ,2025-04-21,2025-06-20, 160 , 20 
424, 경남 , 창원 , 실무형 노인돌봄전문가 양성과정 ,2025-06-18,2025-08-27, 180 , 20 
425, 제주 , 서귀포 , 사회복지행정실무마스터과정 ,2025-04-07,2025-05-29, 144 , 20 
426, 제주 , 서귀포 , 세무회계실무자양성과정 ,2025-06-17,2025-08-29, 212 , 20 
427, 제주 , 서귀포 , 컴퓨터활용인력양성과정 ,2025-05-07,2025-06-18, 120 , 20 
428, 제주 , 제주 , 사회복지스마트행정실무자양성과정 ,2025-04-07,2025-06-03, 160 , 22 
429, 제주 , 제주 ," 회계사무원취업과정(전산회계1급, 전산세무2급) ",2025-03-24,2025-05-27, 180 , 22 
430, 제주 , 한라 , 농업사무행정양성과정 ,2025-03-11,2025-05-20, 200 , 15 
431, 세종 , 세종 , 사회복지현장실무과정 ,2025-09-22,2025-11-28, 180 , 20 
432, 서울 , 강동 ," AI기반, 고부가가치 복지행정전문가과정 ",2025-09-01,2025-09-26, 89 , 20 
433, 서울 , 강동 , 세무사사무소 연계형 사무원 양성과정 ,2025-07-07,2025-09-29, 240 , 20 
434, 서울 , 강북 , 1인 출판사 창업 ,2025-06-03,2025-07-29, 160 , 20 
435, 서울 , 강북 , 기업의 업무자동화를 위한 RPA개발자 양성 ,2025-03-18,2025-06-12, 240 , 20 
436, 서울 , 강북 , 떡제조기능사 창업클래스 ,2025-07-08,2025-08-26, 140 , 20 
437, 서울 , 강북 , 생성형AI 프롬프트 디자이너 ,2025-09-02,2025-10-21, 120 , 20 
438, 서울 , 강북 , 전문단체급식조리사양성 ,2025-04-15,2025-06-23, 180 , 20 
439, 서울 , 강북 , 청소년 역사문화체험 활동가 ,2025-03-24,2025-06-13, 220 , 20 
440, 서울 , 강북 , 캐릭터 이모티콘 디자이너 ,2025-05-14,2025-07-30, 220 , 20 
441, 서울 , 강서 , (마곡산업단지 맞춤)단체급식조리사 양성과정 ,2025-04-07,2025-07-08, 200 , 20 
442, 서울 , 강서 , (지식산업센터 맞춤)중소기업 사무원 양성과정 ,2025-03-17,2025-07-03, 240 , 20 
443, 서울 , 강서 , AI 자동화 : RPA 솔루션 개발자 양성과정 ,2025-08-18,2025-11-17, 240 , 20 
444, 서울 , 강서 , AI·디지털 튜터 양성과정 ,2025-04-07,2025-06-20, 200 , 20 
445, 서울 , 강서 , AI를 활용한 MICE인재 양성과정 ,2025-04-14,2025-06-27, 200 , 20 
446, 서울 , 강서 , 늘봄학교 전담인력 양성과정 ,2025-09-01,2025-11-13, 160 , 20 
447, 서울 , 강서 , 드론항공촬영&드론지도사 양성과정 ,2025-04-28,2025-07-18, 220 , 20 
448, 서울 , 강서 , 병원원무행정&홍보마케터 양성과정 ,2025-05-19,2025-08-11, 240 , 20 
449, 서울 , 강서 , 실버 인지지도 및 돌봄 실무자 양성과정 ,2025-07-14,2025-09-18, 160 , 20 
450, 서울 , 강서 , 직업상담사 양성과정 ,2025-03-24,2025-06-23, 200 , 20 
451, 서울 , 관악 , AI인공지능 로봇코딩전문가과정 ,2025-04-29,2025-07-11, 200 , 20 
452, 서울 , 관악 , 무역사무원(국제무역사1급 및 디지털무역) ,2025-06-25,2025-08-29, 188 , 20 
453, 서울 , 관악 , 온라인마케팅(with 캔바)전문가과정 ,2025-05-20,2025-07-18, 203 , 20 
454, 서울 , 구로 , AI를 활용한 마케팅 콘텐츠 제작자 양성 ,2025-04-28,2025-07-11, 204 , 20 
455, 서울 , 구로 , 전자상거래 디지털전문가 빌드업  ,2025-09-01,2025-11-28, 244 , 20 
456, 서울 , 구로 , 한국세무사회와 함께하는 현장형 실무 전문가 양성 ,2025-04-21,2025-06-20, 160 , 20 
457, 서울 , 남부 , 온라인스토어 창업 ,2025-04-16,2025-06-18, 164 , 20 
458, 서울 , 남부 , 청년여성 특허분석 전문사무인력 ,2025-04-23,2025-06-25, 136 , 20 
459, 서울 , 노원 , SW-AI융합교육전문가 양성 ,2025-09-01,2025-12-04, 208 , 20 
460, 서울 , 노원 , 이모티콘 캐릭터 디자이너 양성 ,2025-03-31,2025-06-04, 180 , 20 
461, 서울 , 도봉 , 생성형AI를 활용한 온라인창업&마케팅 ,2025-05-12,2025-07-17, 192 , 20 
462, 서울 , 도봉 , 실버복지시설행정실무자 양성과정 ,2025-09-17,2025-11-24, 228 , 20 
463, 서울 , 동대문 , K컬쳐 체험 학습 전담사 ,2025-05-21,2025-07-17, 164 , 20 
464, 서울 , 동대문 , 국제무역사무원 ,2025-08-27,2025-11-12, 200 , 20 
465, 서울 , 동대문 , 데이터 시각화 엔지니어 ,2025-06-03,2025-08-12, 200 , 20 
466, 서울 , 동대문 , 세무회계 전문인력 양성 ,2025-04-02,2025-06-17, 200 , 20 
467, 서울 , 동대문 , 영상콘텐츠 기획&제작 전문가 ,2025-07-07,2025-09-08, 180 , 20 
468, 서울 , 동대문 , 온라인MD&쇼핑몰관리자 ,2025-09-08,2025-11-14, 180 , 20 
469, 서울 , 동대문 , 지역사회복지사무원 ,2025-09-04,2025-11-13, 180 , 20 
470, 서울 , 동부 , AI융합 이커머스 크리에이터 창업과정 ,2025-07-01,2025-09-30, 260 , 20 
471, 서울 , 동부 , AI융합 캐릭터이모티콘 크리에이터 창업과정 ,2025-03-20,2025-06-24, 260 , 20 
472, 서울 , 동부 , AIㆍSW 에듀크리에이터 양성과정 ,2025-04-04,2025-06-18, 200 , 20 
473, 서울 , 동작 , SW융합코딩마스터 ,2025-05-13,2025-07-22, 200 , 20 
474, 서울 , 동작 , 노무행정사무원 ,2025-03-12,2025-05-09, 160 , 20 
475, 서울 , 동작 , 실버복지시설 행정실무자 양성 ,2025-04-23,2025-06-30, 180 , 20 
476, 서울 , 북부 , AI를활용한온라인쇼핑몰창업과정 ,2025-06-02,2025-09-08, 220 , 22 
477, 서울 , 북부 , AI플러스직업상담실무자과정 ,2025-08-19,2025-10-28, 160 , 20 
478, 서울 , 북부 , 사회복지서비스실무전문가과정 ,2025-08-04,2025-10-01, 188 , 20 
479, 서울 , 북부 , 스마트그린복지원예사 ,2025-04-15,2025-07-16, 180 , 20 
480, 서울 , 북부 , 코딩융합교육전문가과정 ,2025-04-08,2025-07-08, 200 , 20 
481, 서울 , 서대문 , 한국세무사회 연계 맞춤형 회계사무원 ,2025-03-28,2025-06-11, 200 , 20 
482, 서울 , 서부 , AI 디지털 미래교육 지도사 양성과정 ,2025-06-10,2025-08-22, 212 , 20 
483, 서울 , 서부 , K-웹툰 크리에이터 양성과정 ,2025-05-19,2025-09-16, 280 , 20 
484, 서울 , 송파 , IP특허관리 전문인력 양성과정 ,2025-06-02,2025-07-31, 108 , 20 
485, 서울 , 송파 , SNS 온라인마케터 양성과정 ,2025-05-02,2025-07-22, 220 , 20 
486, 서울 , 송파 , 무역실무자 양성과정(feat. 직무부트) ,2025-06-09,2025-07-25, 140 , 20 
487, 서울 , 송파 , 세무회계경리사무원 양성과정 ,2025-06-13,2025-08-29, 220 , 20 
488, 서울 , 송파 , 이커머스창업과정 ,2025-04-01,2025-06-10, 188 , 20 
489, 서울 , 송파 , 장기요양시설 사회복지사 양성과정 ,2025-04-21,2025-06-24, 160 , 20 
490, 서울 , 영등포 , (한국세무사회연계)세무실무전문가 양성교육 ,2025-08-26,2025-10-29, 182 , 20 
491, 서울 , 영등포 , 무역 및 관세사무 실무자 양성 ,2025-04-23,2025-06-27, 176 , 20 
492, 서울 , 영등포 , 세무회계사무원 ,2025-04-14,2025-08-01, 280 , 20 
493, 서울 , 영등포 , 소프트웨어 테스팅 전문가 양성 ,2025-08-25,2025-10-22, 132 , 20 
494, 서울 , 용산 , AI리터러시&스마트워크 강사 양성과정 ,2025-05-12,2025-07-14, 180 , 20 
495, 서울 , 용산 , ESG교육강사 양성과정 ,2025-04-21,2025-06-30, 188 , 20 
496, 서울 , 용산 , 로컬푸드 급식조리사 양성과정 ,2025-05-08,2025-07-24, 180 , 20 
497, 서울 , 용산 , 온라인쇼핑몰 창업 및 브랜딩 과정 ,2025-05-19,2025-08-04, 220 , 20 
498, 서울 , 은평 , 늘봄학교 전문인력 양성 ,2025-04-22,2025-06-30, 160 , 20 
499, 서울 , 은평 , 디지털 휴먼케어서비스 전문인력 양성 ,2025-04-16,2025-06-30, 200 , 20 
500, 서울 , 은평 , 치매 예방관리 전문인력 양성 ,2025-04-21,2025-06-19, 160 , 20 
501, 서울 , 은평 , 한국세무사회와 함께하는 세무사무원 양성 ,2025-04-28,2025-06-27, 160 , 20 
502, 서울 , 은평 , 한국어교원 양성 ,2025-05-14,2025-07-23, 200 , 20 
503, 서울 , 은평 , 한식·양식 자격증과 단체급식조리사 양성  ,2025-04-14,2025-07-04, 220 , 20 
504, 서울 , 정릉 , 사회복지실무자양성과정 ,2025-04-07,2025-06-05, 160 , 20 
505, 서울 , 종로 , AI활용 커리어 컨설팅 전문가 양성 ,2025-06-11,2025-09-04, 245 , 20 
506, 서울 , 종로 , 세무사무원 양성 ,2025-05-14,2025-08-22, 286 , 20 
507, 서울 , 종로 , 업사이클링 소잉디자이너 양성_지역상권기반 ,2025-06-18,2025-09-16, 252 , 20 
508, 서울 , 종로 , 온라인 마케팅 & 쇼핑몰 창업 ,2025-06-10,2025-09-12, 272 , 20 
509, 서울 , 종로 , 주얼리 비주얼 스타일링 디자이너 양성 ,2025-05-20,2025-08-21, 264 , 20 
510, 서울 , 중구 , 치과위생사 재취업 실무과정 ,2025-06-03,2025-07-03, 82 , 20 
511, 서울 , 중랑 , AI 기반 크리에이터 양성  ,2025-04-15,2025-07-01, 204 , 20 
512, 서울 , 중랑 , AI 디지털 지도사 양성 ,2025-05-19,2025-07-28, 200 , 20 
513, 서울 , 중랑 , AI를 활용한 소호&e비지니스 창업가 양성 ,2025-06-23,2025-09-01, 200 , 20 
514, 서울 , 중랑 , 강소기업 행정사무원 양성 ,2025-04-21,2025-06-26, 180 , 20 
515, 서울 , 중랑 , 사회복지사 재취업과정 ,2025-07-01,2025-09-18, 228 , 20 
516, 서울 , 중랑 , 생애주기별 맞춤조리사 양성 ,2025-05-21,2025-08-05, 216 , 20 
517, 서울 , 중랑 , 이모티콘 & 디지털 콘텐츠 크리에이터 양성 ,2025-08-05,2025-11-14, 274 , 20 
518, 서울 , 중부 , E-book 퍼블리싱 창업 ,2025-07-07,2025-09-09, 184 , 20 
519, 서울 , 중부 , 지식재산(IP-R&D)전략 사무원 취업 ,2025-05-07,2025-07-02, 160 , 20 
520, 부산 , 기장 , 호텔객실관리사 양성 과정(기업맞춤형(상)) ,2025-04-03,2025-04-23, 60 , 20 
521, 부산 , 동구 , 숏폼 콘텐츠 기반 이커머스 창업과정 ,2025-07-14,2025-09-09, 164 , 20 
522, 부산 , 동래 , 온라인쇼핑몰 창업 ,2025-06-02,2025-07-15, 124 , 20 
523, 부산 , 부산 , 3D 펫-패션 특수복제작 ,2025-04-07,2025-07-03, 350 , 20 
524, 부산 , 부산 , 하우스키핑 양성 ,2025-09-08,2025-09-26, 60 , 20 
525, 부산 , 부산 , 호텔객실관리사 ,2025-03-20,2025-04-16, 60 , 20 
526, 부산 , 부산강서 , AI크리에이티브융합전문가 양성 ,2025-04-22,2025-07-08, 204 , 20 
527, 부산 , 부산강서 , 호텔객실관리사 양성 ,2025-03-24,2025-04-11, 60 , 20 
528, 부산 , 부산광역 , 데이터 기반 마케팅의 모든 것 ,2025-06-02,2025-06-17, 60 , 20 
529, 부산 , 부산서구 , 실버인지놀이지도사과정 ,2025-04-02,2025-04-29, 80 , 20 
530, 부산 , 사상 , 캐드사무원 양성과정 ,2025-06-02,2025-08-25, 224 , 20 
531, 부산 , 사하 , 멀티행정 품질관리사무원 양성과정 ,2025-06-23,2025-09-15, 294 , 20 
532, 부산 , 사하 , 온라인창업 성공을 위한 실전 마케팅 과정 ,2025-05-12,2025-06-17, 104 , 20 
533, 부산 , 해운대 , 부산시간호조무사회`연계 간호조무사 재취업 과정 ,2025-04-17,2025-06-17, 160 , 20 
534, 부산 , 해운대 , K-디저트 카페창업 ,2025-08-27,2025-10-28, 160 , 20 
535, 대구 , 대구 , 생성형AI활용 마케팅디지털콘텐츠 제작자 양성과정 ,2025-05-01,2025-07-28, 264 , 20 
536, 대구 , 대구남부 , AI활용 이커머스 창업과정 ,2025-07-21,2025-09-04, 100 , 20 
537, 대구 , 대구남부 , 급식조리실무전문가 양성과정 ,2025-09-09,2025-11-19, 188 , 20 
538, 대구 , 대구남부 , 한식조리실무전문가 양성과정 ,2025-04-07,2025-06-20, 204 , 20 
539, 대구 , 대구남부 , 호텔객실관리사양성과정 ,2025-04-04,2025-04-24, 60 , 20 
540, 대구 , 대구달서 , XpERP 공동주택관리 회계 전문인력 양성과정 ,2025-05-12,2025-08-11, 325 , 20 
541, 대구 , 대구달서 , 간호조무사&병원원무 실무과정 ,2025-03-12,2025-04-11, 138 , 20 
542, 대구 , 대구달서 , 경력단절 보육교사 재취업과정 ,2025-05-20,2025-07-21, 264 , 20 
543, 대구 , 대구달서 , 맞춤형 노인돌봄 생활지원사 전문인력 양성과정 ,2025-09-09,2025-11-03, 216 , 20 
544, 대구 , 대구달서 , 반찬전문점 창업 실무과정 ,2025-04-21,2025-07-17, 300 , 20 
545, 대구 , 대구달서 , 사회복지사 행정 및 현장실무 재취업과정 ,2025-04-24,2025-06-30, 264 , 20 
546, 대구 , 대구달서 , 직업상담사 실무경력 개발과정 ,2025-09-22,2025-11-26, 258 , 20 
547, 대구 , 수성 , 병원동행매니저 양성과정 ,2025-06-23,2025-09-01, 200 , 20 
548, 대구 , 신달서 , 생성형 AI를 활용한 e-커머스 창업과정 ,2025-04-21,2025-07-03, 150 , 20 
549, 인천 , 계양 , FTA 무역실무자 양성과정 ,2025-03-24,2025-06-05, 204 , 20 
550, 인천 , 계양 , 노인전문사회복지사실무양성과정 ,2025-06-16,2025-08-08, 160 , 20 
551, 인천 , 계양 , 시니어인지관리사양성과정 ,2025-04-07,2025-06-05, 164 , 20 
552, 인천 , 부평 , 어린이급식조리사 양성과정 ,2025-06-02,2025-08-26, 160 , 20 
553, 인천 , 부평 , 재가시설사회복지사 양성과정 ,2025-06-17,2025-08-20, 184 , 20 
554, 인천 , 인천 , 호텔객실관리사 양성 과정 ,2025-03-10,2025-03-28, 60 , 20 
555, 인천 , 인천남동 , (한국세무사회연계)세무실무전문가양성과정 ,2025-09-01,2025-11-11, 184 , 20 
556, 인천 , 인천남동 ," 초등교과(수학,과학)전담실무자 양성과정 ",2025-03-27,2025-05-29, 168 , 20 
557, 인천 , 인천남동산단 , 시니어 스마트강사 양성과정 ,2025-03-17,2025-04-15, 88 , 20 
558, 인천 , 인천남동산단 , 콘텐츠마케팅 크리에이터과정 ,2025-04-07,2025-06-05, 160 , 20 
559, 인천 , 인천미추홀 , 단체급식조리사 실무과정 ,2025-08-18,2025-10-17, 160 , 20 
560, 인천 , 인천미추홀 , 소잉디자이너 양성과정 ,2025-06-09,2025-08-01, 160 , 20 
561, 인천 , 인천미추홀 , 실버토탈케어전문가 양성과정 ,2025-03-24,2025-04-29, 108 , 20 
562, 인천 , 인천산단 , 해썹 전문인력 및 경영사무 양성과정 ,2025-09-22,2025-10-24, 84 , 20 
563, 인천 , 인천산단 , 화장품 생산 및 품질관리 맞춤인력 양성과정 ,2025-10-16,2025-11-20, 143 , 20 
564, 인천 , 인천서구 , 문화체험여행강사양성과정 ,2025-04-21,2025-07-15, 240 , 20 
565, 인천 , 인천서구 , 시니어케어전문가양성과정 ,2025-08-04,2025-09-30, 178 , 20 
566, 광주 , 광산 , 간호조무사재취업 ,2025-04-01,2025-05-15, 124 , 20 
567, 광주 , 광산 , 온/오프라인 여성창업가 ,2025-09-01,2025-10-17, 120 , 20 
568, 광주 , 광산 , 챗GPT활용 홍보마케팅사무원 ,2025-07-07,2025-09-29, 240 , 20 
569, 광주 , 광주 , 병원조무사 현장실무 ,2025-04-08,2025-05-22, 120 , 20 
570, 광주 , 광주북구 , 병원조무사재취업-1 ,2025-04-03,2025-05-29, 158 , 20 
571, 광주 , 광주북구 , 병원조무사재취업-2 ,2025-05-19,2025-06-30, 130 , 20 
572, 광주 , 송원대 , 디지털 헬스케어 전문가 ,2025-04-21,2025-06-26, 180 , 20 
573, 광주 , 송원대 , 스마트스토어 마케터 ,2025-04-07,2025-07-24, 300 , 20 
574, 대전 , 대전 , 생성형 AI를 활용한 크리에이터 창업 과정 ,2025-05-12,2025-07-21, 200 , 20 
575, 대전 , 대전광역 , 소자본 건강 디저트 창업과정 ,2025-04-14,2025-07-02, 216 , 20 
576, 대전 , 대전광역 , 아이템 검증을 통한 성공 창업과정 ,2025-08-18,2025-09-29, 124 , 20 
577, 대전 , 대전배재대ICT융합 , IP-R&D특허사무원 과정 ,2025-04-17,2025-08-06, 302 , 15 
578, 울산 , 울산 , ERP회계인사 실무자 양성과정 ,2025-04-21,2025-07-18, 240 , 20 
579, 울산 , 울산동구 , 산업안전 전문인력 양성과정 ,2025-03-31,2025-04-25, 80 , 20 
580, 울산 , 울산동구 , 호텔룸메이드 양성과정 ,2025-03-17,2025-04-11, 80 , 20 
581, 울산 , 울산북구 , 동물병원실무자 양성과정 ,2025-04-08,2025-06-04, 100 , 20 
582, 울산 , 울산중부 , AI와함께하는늘봄창의교실강사양성과정 ,2025-03-13,2025-06-02, 220 , 20 
583, 울산 , 울산중부 , 사회복지사실무자양성과정 ,2025-04-17,2025-06-17, 160 , 20 
584, 울산 , 울산중부 , 자동차시트미싱사양성과정 ,2025-03-10,2025-05-20, 270 , 20 
585, 울산 , 울산중부 , 창의진로교육전문가양성과정 ,2025-03-20,2025-05-19, 160 , 20 
586, 울산 , 울산중부 , 키즈단체급식조리원양성과정 ,2025-04-10,2025-06-10, 160 , 20 
587, 울산 , 울주군 , 3D프린팅 전문인력 양성 과정 ,2025-04-14,2025-07-16, 152 , 20 
588, 경기 , 경기IT , AI활용 영상편집(모션그래픽)제작자 ,2025-03-24,2025-06-12, 330 , 18 
589, 경기 , 경기IT , SW테스팅 전문가 ,2025-03-17,2025-04-29, 192 , 20 
590, 경기 , 경기IT , 디지털 디자인 포트폴리오 ,2025-03-17,2025-06-24, 360 , 20 
591, 경기 , 경기IT , 디지털 콘텐츠 이모티콘 크리에이터 ,2025-08-11,2025-10-16, 255 , 20 
592, 경기 , 경기IT , 쇼핑몰을 위한 퍼블리싱 ,2025-08-20,2025-11-12, 330 , 18 
593, 경기 , 고양 , AI 기반 여성 창업 레벨업 프로젝트 ,2025-06-30,2025-08-25, 160 , 20 
594, 경기 , 고양MICE , MICE 컨벤션기획 전문인력 양성과정 ,2025-03-31,2025-06-13, 200 , 15 
595, 경기 , 고양MICE , MICE 특화 무역실무자 양성과정 ,2025-04-01,2025-06-30, 240 , 20 
596, 경기 , 군포 , 정리수납 전문가 과정 ,2025-04-10,2025-05-22, 132 , 20 
597, 경기 , 남양주 , 반려동물 수제간식 창업 ,2025-04-03,2025-06-03, 160 , 20 
598, 경기 , 남양주 , 요양시설사회복지사실무 ,2025-03-10,2025-05-28, 255 , 20 
599, 경기 , 부천 , 맞춤조리실무사 양성과정 ,2025-03-17,2025-05-21, 180 , 20 
600, 경기 , 부천 , 이커머스 창업 마스터 ,2025-03-20,2025-05-19, 160 , 20 
601, 경기 , 성남 , 지식재산 전략전문가 양성과정 ,2025-04-22,2025-07-11, 228 , 20 
602, 경기 , 성남 , 해외쇼핑몰셀러 전문가 양성과정 ,2025-09-01,2025-11-18, 208 , 20 
603, 경기 , 시흥 , K-디저트카페 창업 ,2025-05-19,2025-07-21, 180 , 18 
604, 경기 , 시흥 , 디지털마케팅전문가 ,2025-03-27,2025-06-05, 188 , 18 
605, 경기 , 시흥 , 세무사무원 ,2025-06-10,2025-09-05, 256 , 20 
606, 경기 , 시흥 , 시흥시사회복지기관맞춤 사회복지행정실무자 ,2025-04-16,2025-07-15, 240 , 20 
607, 경기 , 시흥 , 웹콘텐츠디자인 ,2025-06-12,2025-09-16, 276 , 18 
608, 경기 , 시흥 , 인공지능(AI)융합지도전문가 ,2025-04-03,2025-06-27, 228 , 18 
609, 경기 , 시흥 , 펫비즈니스 창업과정 ,2025-03-31,2025-06-05, 180 , 20 
610, 경기 , 시흥산단 , AI기반사무혁신전문가 ,2025-06-16,2025-07-18, 100 , 20 
611, 경기 , 안산 , AI로 완성하는 온라인창업 ,2025-05-28,2025-07-16, 140 , 18 
612, 경기 , 안산 , AI지도강사 양성과정 ,2025-04-21,2025-06-25, 180 , 18 
613, 경기 , 양주 , 실전 스마트 여성창업 양성과정 ,2025-05-15,2025-06-30, 137 , 20 
614, 경기 , 오산 , 방과후학교 전문가과정 ,2025-09-01,2025-11-19, 156 , 20 
615, 경기 , 오산 , 사회복지 실무자 양성과정 ,2025-04-07,2025-07-01, 227 , 20 
616, 경기 , 용인 , SW 코딩 강사 양성과정 ,2025-03-13,2025-05-30, 224 , 20 
617, 경기 , 용인 , 중소기업 사무원 실무과정 ,2025-03-12,2025-05-30, 224 , 20 
618, 경기 , 의왕 , 아파트경리사무원양성과정 ,2025-03-27,2025-06-25, 297 , 20 
619, 경기 , 이천 , AI디자인&온라인쇼핑몰창업과정 ,2025-07-04,2025-09-24, 232 , 20 
620, 경기 , 이천 , AI활용마케팅실무자양성과정 ,2025-04-28,2025-07-21, 228 , 20 
621, 경기 , 파주 , 돌봄종사자 양성과정 ,2025-04-07,2025-05-20, 120 , 20 
622, 경기 , 팔달 , AI 코딩융합 교육전문가 양성과정 ,2025-04-08,2025-06-25, 220 , 20 
623, 경기 , 팔달 , AI를 활용한 온라인쇼핑몰 창업 과정 ,2025-04-01,2025-06-04, 180 , 20 
624, 경기 , 평택 , 원예심리전문가양성과정 ,2025-04-01,2025-05-15, 120 , 22 
625, 강원 , 삼척 , 이모티콘 디자이너 양성과정 ,2025-05-12,2025-07-28, 99 , 20 
626, 강원 , 양양 , 로컬 유튜브 크리에이터 양성 & 창업과정 ,2025-03-24,2025-06-30, 200 , 15 
627, 강원 , 영월 , 치유관광음식개발창업과정 ,2025-04-28,2025-08-04, 160 , 15 
628, 강원 , 원주 , [기업맞춤형]가사관리·정리수납 전문가 양성 ,2025-04-02,2025-06-11, 184 , 20 
629, 강원 , 원주 , [전문기술] 디지털 AI 메타버스 교육전문가 양성과정 ,2025-03-31,2025-06-05, 180 , 20 
630, 강원 , 정선 , 온라인 마케터 전문가 창업과정 ,2025-04-11,2025-05-27, 100 , 20 
631, 충북 , 영동 , 지역 특색을 반영한 크리에이터 양성과정 ,2025-04-08,2025-06-18, 120 , 15 
632, 충북 , 제천 , 시니어활동지도사양성과정 ,2025-04-01,2025-06-13, 200 , 20 
633, 충북 , 청주 , 스마트~한 E커머스 창업 ,2025-05-19,2025-06-20, 108 , 20 
634, 충북 , 청주 , 시니어 맞춤형 놀이지도사 ,2025-04-24,2025-06-25, 176 , 20 
635, 충북 , 충주 , ERP물류관리회계사무원 ,2025-03-24,2025-06-12, 220 , 20 
636, 충남 , 공주 , AI를 활용한 사회복지시설 종사자 양성과정 ,2025-09-01,2025-10-31, 152 , 20 
637, 충남 , 공주 , 엄마의 영양찬 손맛 협동조합 창업과정 ,2025-05-14,2025-07-09, 127 , 20 
638, 충남 , 당진 , 급식조리전문가 양성과정 ,2025-04-07,2025-06-20, 200 , 20 
639, 충남 , 부여 , 온/오프라인 마케팅 창업 실무 과정 ,2025-03-24,2025-05-22, 127 , 20 
640, 충남 , 서산 , (반드시 성공하는)디지털 1인 창업가 양성 ,2025-04-21,2025-06-16, 150 , 20 
641, 충남 , 서산 , 노인복지행정 사회복지사 양성 ,2025-04-10,2025-06-11, 161 , 20 
642, 충남 , 서산 , 탄소중립 자동차부품 혁신 기술인력 양성 ,2025-03-04,2025-03-24, 60 , 30 
643, 충남 , 서천 , 지역자원 활용을 통한 공동체 창업과정 ,2025-03-10,2025-05-13, 105 , 15 
644, 충남 , 천안 , [SW.AI]파이썬코딩 융합 전문인력 ,2025-08-18,2025-11-14, 240 , 20 
645, 충남 , 천안 , [전문기술]디지털마케팅전문인력 양성 ,2025-03-31,2025-06-26, 240 , 20 
646, 충남 , 홍성 , 내포산단통합제조생산공정 실무자양성과정 ,2025-03-10,2025-03-21, 60 , 15 
647, 충남 , 홍성 , 반려동물 매개활동 전문가 공동체 창업교육 ,2025-03-11,2025-05-29, 150 , 15 
648, 전북 , 군산 , AI콘텐츠디자인 전문가 ,2025-04-03,2025-06-05, 168 , 20 
649, 전북 , 군산 , 간호조무사현장실무자 양성 ,2025-08-25,2025-10-29, 163 , 20 
650, 전북 , 군산 , 정리수납가사관리전문가 ,2025-04-17,2025-06-18, 160 , 20 
651, 전북 , 김제 , 노인돌봄 생활지원사 양성과정 ,2025-09-10,2025-10-28, 116 , 15 
652, 전북 , 김제 , 반려동물전문가양성과정 ,2025-04-14,2025-06-30, 200 , 15 
653, 전북 , 남원 , AI활용 드론 전문강사 양성 ,2025-03-25,2025-05-30, 180 , 20 
654, 전북 , 남원 , 정리수납 코칭 매니저 창업 과정 ,2025-04-01,2025-06-26, 232 , 20 
655, 전북 , 완주 , 생산제조 전문인력 양성과정(기업맞춤형) ,2025-03-17,2025-04-08, 68 , 15 
656, 전북 , 완주 , 생산제조 품질검사원 양성과정(기업맞춤형) ,2025-06-16,2025-07-08, 88 , 15 
657, 전북 , 완주 , 의류 업사이클링 디자이너 공동체 창업과정 ,2025-03-24,2025-05-23, 140 , 15 
658, 전북 , 익산 , 맞춤형사회복지실무과정 ,2025-04-07,2025-06-04, 200 , 15 
659, 전북 , 익산 , 창의코딩강사 공동체 양성과정 ,2025-08-04,2025-10-22, 208 , 20 
660, 전북 , 전북 , 경리사무실무자 ,2025-04-28,2025-06-26, 160 , 20 
661, 전북 , 전북 , 디지털홍보마케터 ,2025-05-15,2025-07-17, 140 , 20 
662, 전북 , 전북 , 반려동물 소품&푸드 제조 ,2025-05-13,2025-07-17, 140 , 20 
663, 전북 , 전북광역 , 디지털 마케팅 창업교육 ,2025-04-22,2025-06-27, 120 , 20 
664, 전북 , 전주 , ICT.코딩.디자인 전문가 양성 ,2025-04-07,2025-06-19, 162 , 20 
665, 전북 , 전주 , 사회복지행정실무과정 ,2025-04-14,2025-06-23, 150 , 20 
666, 전북 , 정읍 , [기관맞춤형]사회복지현장실무자 양성과정 ,2025-04-01,2025-07-15, 182 , 20 
667, 전북 , 정읍 , 브레인융합플레이 강사과정 ,2025-04-14,2025-07-31, 178 , 20 
668, 전남 , 광양 , 마케팅전문사무원 ,2025-04-07,2025-05-28, 154 , 20 
669, 전남 , 나주 , (1인 미디어 창업) 콘텐츠 크리에이터 (전문기술) ,2025-04-08,2025-07-04, 240 , 20 
670, 전남 , 나주 ," AI기반, 스마트 오피스 실무 ",2025-05-12,2025-08-04, 240 , 20 
671, 전남 , 목포 , AI 사무자동화 마스터 ,2025-05-15,2025-08-01, 182 , 20 
672, 전남 , 순천 , 디지털 광고디자이너 양성과정 ,2025-05-12,2025-07-21, 200 , 20 
673, 전남 , 여수 , AI활용 디지털 마케터 ,2025-05-20,2025-08-13, 249 , 20 
674, 전남 , 여수 , 반려동물 코디네이터 ,2025-06-23,2025-08-29, 182 , 16 
675, 전남 , 영암 , 사무회계실무자양성과정 ,2025-05-19,2025-07-04, 145 , 20 
676, 전남 , 장성 , [전문기술]전자상거래플랫폼양성과정 ,2025-04-01,2025-07-04, 248 , 20 
677, 전남 , 화순 , ERP회계 인사경영정보관리사 1급 전문가 양성과정 ,2025-04-08,2025-07-18, 211 , 20 
678, 경북 , 경북광역 , 스마트 스토어 디자인 & 전문셀러 창업 ,2025-04-08,2025-06-12, 160 , 20 
679, 경북 , 경산 , AI 활용기술 & 온라인 마케팅 실무 ,2025-04-28,2025-07-24, 240 , 16 
680, 경북 , 경주 , 장기요양기관 실무 전문가 ,2025-08-13,2025-10-27, 200 , 20 
681, 경북 , 경주 , 토탈공예 크리에이터 ,2025-03-07,2025-05-20, 223 , 20 
682, 경북 , 구미 , 3D캐드마스터과정 ,2025-04-24,2025-07-29, 267 , 20 
683, 경북 , 구미 , AI기반 온라인마케팅실무과정 ,2025-06-09,2025-08-08, 178 , 20 
684, 경북 , 김천 , (전문기술)생산관리 사무원 양성과정 ,2025-03-05,2025-05-27, 137 , 20 
685, 경북 , 영주 , 온라인마케팅(포토샵) 전문가 양성과정 ,2025-03-04,2025-06-05, 222 , 20 
686, 경북 , 영천 , 마미편한 산후도우미 과정 ,2025-03-18,2025-04-30, 128 , 20 
687, 경북 , 영천 , 온라인 콘텐츠-이모티콘 제작 과정 ,2025-03-18,2025-04-28, 120 , 20 
688, 경북 , 칠곡 , K푸드 전통장류 제조&스마트스토어 창업 ,2025-04-02,2025-07-28, 128 , 20 
689, 경북 , 칠곡 , 영상콘텐츠 제작 편집 실무자 양성 ,2025-03-25,2025-06-24, 208 , 20 
690, 경북 , 포항 , 온라인스토어창업&마케팅과정 ,2025-06-03,2025-08-11, 218 , 20 
691, 경남 , 거제 , 스페셜 홈케어 전문가 양성과정 ,2025-04-21,2025-07-15, 140 , 20 
692, 경남 , 경남 , 방위산업분야기술인력양성과정(기본) ,2025-03-31,2025-05-27, 234 , 18 
693, 경남 , 경남 , 방위산업분야기술인력양성과정(기업맞춤형) ,2025-09-15,2025-10-29, 156 , 20 
694, 경남 , 경남 , 방위산업분야기술인력양성과정(심화) ,2025-05-28,2025-06-25, 114 , 18 
695, 경남 , 김해 , (일반)(기업맞춤)노인스포츠&돌봄관리사 ,2025-03-21,2025-05-30, 192 , 20 
696, 경남 , 김해시동부 , CAD·회계 전문사무원 양성과정 ,2025-04-04,2025-07-25, 296 , 20 
697, 경남 , 김해시동부 , 온라인 마케팅 마스터 창업 과정 ,2025-05-07,2025-06-11, 105 , 20 
698, 경남 , 마산 , e커머스 마케터 ,2025-04-14,2025-06-10, 158 , 20 
699, 경남 , 마산 , 실버케어전문인력양성 ,2025-04-21,2025-06-16, 155 , 20 
700, 경남 , 마산 , 헬시푸드 전문 창업반 ,2025-04-28,2025-06-23, 155 , 20 
701, 경남 , 양산 , (창업) 스마트 온라인 여성창업자 양성 ,2025-05-09,2025-07-14, 184 , 20 
702, 경남 , 양산 , 사회복지행정 실무자 양성 ,2025-04-21,2025-07-03, 204 , 20 
703, 경남 , 진주 , 간호조무사 재취업 인력 양성 ,2025-04-21,2025-06-05, 120 , 20 
704, 경남 , 진주 , 주얼리 쇼핑몰 1인 창업 ,2025-03-24,2025-05-21, 160 , 20 
705, 경남 , 창원 , 기업맞춤형 공동주택 경리&사무 실무전문가 양성과정 ,2025-05-07,2025-07-25, 228 , 20 
706, 경남 , 창원 , 온·오프라인 창업 성공전략과정 ,2025-04-09,2025-06-10, 160 , 20 
707, 경남 , 창원 , 케어푸드 창업전문가 실무과정 ,2025-06-23,2025-08-29, 104 , 20 
708, 제주 , 서귀포 , AI활용 마케팅 온라인창업과정 ,2025-03-10,2025-04-11, 100 , 20 
709, 제주 , 제주 , 업사이클 소품제작 창업과정 ,2025-04-21,2025-06-18, 160 , 20 
710, 제주 , 제주 , 제주로컬디저트카페창업과정 ,2025-05-19,2025-06-23, 100 , 20 
711, 제주 , 제주 , 주거환경관리사양성과정 ,2025-03-10,2025-05-02, 160 , 20 
712, 제주 , 한라 , 제주로컬 마케팅 크리에이터 양성과정 ,2025-04-01,2025-06-16, 200 , 15 
713, 세종 , 세종 , AI활용마케팅사무원 ,2025-03-17,2025-05-15, 160 , 20 
714, 세종 , 세종 , 온라인쇼핑몰창업과정 ,2025-07-01,2025-09-08, 196 , 20 
715, 세종 , 세종 , 진로코칭강사양성과정 ,2025-03-24,2025-05-29, 180 , 20 
716, 서울 , 강동 ,고숙련 간호전문인력 취업실무과정,2025-07-07,2025-08-01, 80 , 20 
717, 울산 , 울산북구 ,자동차시트제조&품질검사원 양성과정,2025-03-10,2025-06-26, 268 , 20 
718, 인천 , 인천남동산단 ,컨텐츠디자인 & 웹퍼블리싱 실무,2025-06-16,2025-09-10, 240 , 16 
719,서울,동부,AX융합 신기술 미래유망직종 전문 여성인력 양성,2025-08-01,2025-11-19,360,20
720,충북,청주,화장품 GMP 품질관리 전문가과정,2025-06-16,2025-07-31,231,20
721,경북,구미,SW-AI 크리에이티브 융합 전문가 양성과정,2025-07-16,2025-09-26,228,20
722,울산,울산중부,미래 모빌리티 부품 개발인력 양성과정,2025-06-23,2025-09-15,240,20
723,경기,파주,파주형 W:AI × PBL 기반 디지털 퍼블리싱 콘텐츠 마케팅,2025-09-08,2025-12-08,240,20
